BAU001	o0000106	2180	1763	AŠ	U+12038	𒀸						
BAU001	o0000106	2180	1763	AŠ	U+12038	𒀸						
BAU002	o0000236	2181	6946	HAL	U+1212C	𒄬						
BAU003	o0000213	2182	6105	GIR₂	U+12108	𒄈						
BAU004	o0000214	2183	6107	GIR₂@g	U+12109	𒄉						
BAU005	o0000214	2184	6107	GIR₂@g	U+12109	𒄉						
BAU006	o0000099	2185	1162	AN	U+1202D	𒀭						
BAU007	o0000796	2186	1219	|AN&AN|	U+1202E	𒀮						
BAU008	o0000642	2187	1163	|3×AN|	U+1202F	𒀯						
BAU008	o0000642	2187	1163	|3×AN|	U+1202F	𒀯						
BAU008	o0000642	2187	1163	|3×AN|	U+1202F	𒀯						
BAU009	o0000114	2188	1990	BAD	U+12041	𒁁						
BAU009	o0000114	2188	1990	BAD	U+12041	𒁁						
BAU010	o0000581	2189	22699	URI₃	U+12336	𒌶						
BAU011	o0002834	2190	19225	ŠEŠ	U+122C0	𒋀						
BAU012	o0018524	2191	19232	|ŠEŠ.NA|	x122C0.x1223E	𒋀𒈾						
BAU013	o0002738	2192	19229	|ŠEŠ.IB|	x122C0.x12141	𒋀𒅁						
BAU014	o0002735	2193	19227	|ŠEŠ.AB@g|	x122C0.x12015	𒋀𒀕						
BAU015	o0002840	2194	19390	ŠIR	U+122D3	𒋓						
BAU016	o0002840	2195	19390	ŠIR	U+122D3	𒋓						
BAU017	o0000491	2196	14150	NU₁₁	U+12262	𒉢						
BAU018	o0002848	2197	19595	ŠUBUR	U+122DA	𒋚						
BAU019	o0000158	2198	3595	DUN	U+12084	𒂄						
BAU020	o0000487	2199	14135	NU	U+12261	𒉡						
BAU021		2200	0								
BAU022	o0000469	2201	13531	NA	U+1223E	𒈾						
BAU023	o0000553	2202	20080	TI	U+122FE	𒋾						
BAU024	o0000539	2203	18299	SUR	U+122E9	𒋩						
BAU025	o0002831	2204	18972	ŠE	U+122BA	𒊺						
BAU026	o0000457	2205	12305	MU	U+1222C	𒈬						
BAU027		2206	0								
BAU028	o0000444	2207	11928	MA	U+12220	𒈠						
BAU029	o0000119	2208	2051	BALAG	U+12046	𒁆						
BAU030	o0000525	2209	16871	SI	U+122DB	𒋛						
BAU031		2210	0								
BAU032	o0002337	2211	16872	|SI.A|	x122DB.x12000	𒋛𒀀						
BAU033	o0000526	2212	16881	SI@g	U+122DC	𒋜						
BAU034	o0000239	2213	7130	HU	U+12137	𒄷						
BAU035	o0002714	2214	18989	|ŠE.HU|	U+122BB	𒊻						
BAU036	o0000135	2215	3104	DAR	U+1206F	𒁯						
BAU037	o0001466	2216	7132	|HU.HI|	x12137.x1212D	𒄷𒄭						
BAU038	o0000474	2217	13601	NAM	U+12246	𒉆						
BAU038	o0000474	2217	13601	NAM	U+12246	𒉆						
BAU039		2218	0								
BAU040	o0000598	2219	22940	UŠ₂	U+12357	𒍗						
BAU041	o0000291	2220	9097	KUL	U+121B0	𒆰						
BAU042		2221	0								
BAU043		2222	0								
BAU044	o0000487	2223	14135	NU	U+12261	𒉡						
BAU045	o0000449	2224	12038	MAŠ	U+12226	𒈦						
BAU046	o0000451	2225	12055	MAŠ₂	U+12227	𒈧						
BAU046	o0000451	2225	12055	MAŠ₂	U+12227	𒈧						
BAU047	o0000197	2226	5255	GAN	U+120F6	𒃶						
BAU048	o0021443	2227	5258	|GAN×HI|								
BAU049		2228	0								
BAU050	o0001425	2229	6373	|GU₂.GAR₃|	x12118.x120FC	𒄘𒃼						
BAU051	o0000103	2230	1290	ARAD	U+12034	𒀴						
BAU052	o0000843	2231	1294	|ARAD×KUR|	U+12035	𒀵						
BAU053	o0000103	2232	1290	ARAD	U+12034	𒀴						
BAU054	o0000131	2233	2872	BUR₂	U+12054	𒁔						
BAU055	o0000459	2234	12363	MUG@g	U+1222F	𒈯						
BAU056	o0000131	2235	2872	BUR₂	U+12054	𒁔						
BAU057		2236	0								
BAU058	o0000488	2237	14198	NUN	U+12263	𒉣						
BAU059	o0002123	2238	14229	|NUN&NUN|	U+1226A	𒉪						
BAU060	o0002125	2239	14207	|NUN.LAGAR|	x12263.x121EC	𒉣𒇬						
BAU060	o0002125	2239	14207	|NUN.LAGAR|	x12263.x121EC	𒉣𒇬						
BAU061	o0000199	2240	5262	GAN₂	U+120F7	𒃷						
BAU062	o0000093	2241	979	AK	U+1201D	𒀝						
BAU062	o0000093	2241	979	AK	U+1201D	𒀝						
BAU063	o0000246	2242	7678	IG	U+12145	𒅅						
BAU064	o0000544	2243	19879	TAB	U+122F0	𒋰						
BAU065	o0000226	2244	6569	GUR	U+12125	𒄥						
BAU066	o0002118	2245	13965	|NINDA₂×ŠE|	U+1225A	𒉚						
BAU067	o0025744	2246	2246	BAU067								
BAU068	o0002109	2247	13959	|NINDA₂×NE|	U+12258	𒉘						
BAU069		2248	0								
BAU070	o0021451	2249	13985	|NINDA₂×ŠIM|								
BAU071	o0000157	2250	3555	DUH	U+12083	𒂃						
BAU072	o0000497	2251	14327	PA	U+1227A	𒉺						
BAU073	o0000222	2252	6428	GUD	U+1211E	𒄞						
BAU074	o0027207	2253	6441	|GUD×HI|								
BAU075	o0000102	2254	1269	APIN	U+12033	𒀳						
BAU076	o0000338	2255	10475	LAK25	U+124D7	𒓗						
BAU077	o0000454	2256	12188	MES	U+12229	𒈩						
BAU078	o0000448	2257	12018	MAR	U+12225	𒈥						
BAU079	o0000444	2258	11928	MA	U+12220	𒈠						
BAU080		2259	0								
BAU081		2260	0								
BAU082		2261	0								
BAU082a	o0000490	2262	14257	NUNUZ	U+1226D	𒉭						
BAU082a	o0000603	2262	23212	ZA	U+1235D	𒍝						
BAU082b	o0027504	2263	14298	NUNUZ~a								
BAU082b	o0000603	2263	23212	ZA	U+1235D	𒍝						
BAU083		2264	0								
BAU084	o0000859	2265	1782	|AŠ&AŠ&AŠ|	U+1203C	𒀼						
BAU085	o0000242	2266	7596	I	U+1213F	𒄿						
BAU086		2267	0								
BAU087		2268	0								
BAU088	o0000121	2269	2139	BARA₂	U+12048	𒁈						
BAU089	o0000166	2270	3686	E	U+1208A	𒂊						
BAU090	o0000095	2271	1061	ALAN	U+12029	𒀩						
BAU091	o0000599	2272	20551	U₂	U+12311	𒌑						
BAU092	o0000436	2273	11862	LUH	U+1221B	𒈛						
BAU093	o0000573	2274	22526	UMUM	U+12323	𒌣						
BAU093	o0000573	2274	22526	UMUM	U+12323	𒌣						
BAU094	o0000573	2275	22526	UMUM	U+12323	𒌣						
BAU094	o0000573	2275	22526	UMUM	U+12323	𒌣						
BAU095	o0000110	2276	1814	AŠ₂	U+1203E	𒀾						
BAU096	o0002845	2277	19448	ŠU	U+122D7	𒋗						
BAU097	o0000132	2278	2944	DA	U+12055	𒁕						
BAU097	o0000132	2278	2944	DA	U+12055	𒁕						
BAU098		2279	0								
BAU099	o0000263	2280	8366	KAB	U+1218F	𒆏						
BAU100	o0000263	2281	8366	KAB	U+1218F	𒆏						
BAU101	o0000132	2282	2944	DA	U+12055	𒁕						
BAU101	o0000132	2282	2944	DA	U+12055	𒁕						
BAU102	o0000112	2283	169	A₂	U+12009	𒀉						
BAU103		2284	0								
BAU103a	o0000437	2285	11879	LUL	U+1221C	𒈜						
BAU103c	o0000478	2286	13678	NE@s	U+1224B	𒉋						
BAU104	o0000259	2287	8063	IŠ	U+12156	𒅖						
BAU105	o0000259	2288	8063	IŠ	U+12156	𒅖						
BAU106	o0000485	2289	14091	NISAG	U+12260	𒉠						
BAU107	o0000194	2290	5169	GAL	U+120F2	𒃲						
BAU108	o0002824	2291	18669	ŠA	U+122AD	𒊭						
BAU109		2292	0								
BAU110	o0000204	2293	5340	GAR₃	U+120FC	𒃼						
BAU111	o0000282	2294	8811	KIN	U+121A5	𒆥						
BAU112	o0000282	2295	8811	KIN	U+121A5	𒆥						
BAU113		2296	0								
BAU114		2297	0								
BAU115		2298	0								
BAU116		2299	0								
BAU117	o0000548	2300	19977	TAR	U+122FB	𒋻						
BAU118	o0000547	2301	19937	TAK₄	U+122FA	𒋺						
BAU119		2302	0								
BAU120	o0000424	2303	11493	LAM	U+121F4	𒇴						
BAU121	o0001906	2304	11498	|LAM×KUR|	U+121F5	𒇵						
BAU122	o0002371	2305	18056	|SU.KUR.RU|	x122E2.x121B3.x12292	𒋢𒆳𒊒						
BAU123	o0000438	2306	11893	LUM	U+1221D	𒈝						
BAU123	o0000438	2306	11893	LUM	U+1221D	𒈝						
BAU124	o0002829	2307	18703	ŠA₆	U+122B7	𒊷						
BAU125	o0000536	2308	18240	SUM	U+122E7	𒋧						
BAU126	o0000500	2309	14456	PAP	U+1227D	𒉽						
BAU127		2310	0								
BAU128	o0000275	2311	8548	KASKAL	U+1219C	𒆜						
BAU129	o0001857	2312	10942	|LAK449×GU|	U+124F2	𒓲						
BAU130	o0002831	2313	18972	ŠE	U+122BA	𒊺						
BAU131	o0000425	2314	11565	LI	U+121F7	𒇷						
BAU132	o0000470	2315	13554	NAGA	U+12240	𒉀						
BAU133	o0000556	2316	20199	TU	U+12305	𒌅						
BAU134	o0000105	2317	1374	ASAL₂~a	U+12037	𒀷						
BAU135		2318	0								
BAU136	o0002673	2319	24367	|ZU&ZU.SAR|	U+12542	𒕂						
BAU137		2320	0								
BAU138	o0000522	2321	16632	SAL	U+122A9	𒊩						
BAU139	o0000530	2322	17007	SILA₃	U+122E1	𒋡						
BAU140		2323	0								
BAU141	o0000482	2324	13865	NIM	U+1224F	𒉏						
BAU141	o0000482	2324	13865	NIM	U+1224F	𒉏						
BAU142		2325	0								
BAU143	o0000175	2326	4575	ERIN₂	U+1209F	𒂟						
BAU144	o0000144	2327	3331	DIN	U+12077	𒁷						
BAU145	o0000144	2328	3331	DIN	U+12077	𒁷						
BAU145	o0000516	2328	16359	RU	U+12292	𒊒						
BAU146	o0000097	2329	1120	AMAR	U+1202B	𒀫						
BAU146b	o0027230	2330	1121	|AMAR.AMAR|	x1202B.x1202B	𒀫𒀫						
BAU146b	o0000795	2330	1128	|AMAR×ŠE|	U+1202C	𒀬						
BAU147	o0002231	2331	14471	|PAP.PAP|	x1227D.x1227D	𒉽𒉽						
BAU148	o0000124	2332	2753	BU	U+1204D	𒁍						
BAU148	o0000124	2332	2753	BU	U+1204D	𒁍						
BAU148	o0000124	2332	2753	BU	U+1204D	𒁍						
BAU149	o0000532	2333	18125	SUD	U+122E4	𒋤						
BAU150		2334	0								
BAU151	o0000532	2335	18125	SUD	U+122E4	𒋤						
BAU152	o0000463	2336	12491	MUŠ	U+12232	𒈲						
BAU153	o0000463	2337	12491	MUŠ	U+12232	𒈲						
BAU153	o0018505	2337	2337	BAU153								
BAU154	o0000485	2338	14091	NISAG	U+12260	𒉠						
BAU155	o0000476	2339	13534	NA₂	U+1223F	𒈿						
BAU156	o0000164	2340	3612	DUN₄	U+12088	𒂈						
BAU157		2341	0								
BAU158	o0000605	2342	23276	ZAG	U+12360	𒍠						
BAU159		2343	0								
BAU160	o0000437	2344	11879	LUL	U+1221C	𒈜						
BAU161		2345	0								
BAU161a	o0000101	2346	1236	ANŠE	U+12032	𒀲						
BAU161a	o0000215	2346	6110	GIR₃	U+1210A	𒄊						
BAU161b	o0018506	2347	2347	BAU161b								
BAU161c	o0000101	2348	1236	ANŠE	U+12032	𒀲						
BAU161c	o0000215	2348	6110	GIR₃	U+1210A	𒄊						
BAU162	o0000503	2349	14593	PIRIG	U+1228A	𒊊						
BAU162	o0000503	2349	14593	PIRIG	U+1228A	𒊊						
BAU162	o0000503	2349	14593	PIRIG	U+1228A	𒊊						
BAU163	o0027179	2350	3113	|DARA₃×MA|								
BAU164	o0002245	2351	14606	|PIRIG×ZA|	U+1228D	𒊍						
BAU165	o0001351	2352	6123	|GIR₃×GAN₂@t|	U+1210C	𒄌						
BAU166		2353	0								
BAU167	o0027199	2354	19517	|ŠU₂.AN.HI×KAK|	x122D9.x1202D.X	𒋙𒀭X						
BAU168		2355	0								
BAU169		2356	0								
BAU170		2357	0								
BAU171	o0000771	2358	286	|AB₂×ŠA₃|	U+1201A	𒀚						
BAU172	o0000224	2359	6517	GUL	U+12122	𒄢						
BAU173	o0000455	2360	12220	MI	U+1222A	𒈪						
BAU174	o0027214	2361	12224	|MI&MI|								
BAU175	o0000212	2362	6019	GIG	U+1237C	𒍼						
BAU176		2363	0								
BAU177	o0000090	2364	248	AB₂	U+12016	𒀖						
BAU178	o0000090	2365	248	AB₂	U+12016	𒀖						
BAU179	o0002466	2366	20517	|U.SAG|	x1230B.x12295	𒌋𒊕						
BAU180	o0000498	2367	14411	PAD	U+1227B	𒉻						
BAU181	o0002446	2368	20491	|U.AD|	x1230B.x1201C	𒌋𒀜						
BAU182	o0000296	2369	9020	KU₃	U+121AC	𒆬						
BAU183	o0027171	2370	3338	DIN@t								
BAU184	o0000237	2371	7047	HI	U+1212D	𒄭						
BAU185	o0000247	2372	7686	IGI	U+12146	𒅆						
BAU186	o0025841	2373	10851	LAK363								
BAU187	o0027523	2374	14296	|NUNUZ.NUNUZ|	x1226D.x1226D	𒉭𒉭						
BAU188	o0001464	2375	7096	|HI×ŠE|	U+12135	𒄵						
BAU189	o0001452	2376	7068	|HI×AŠ₂|	U+1212F	𒄯						
BAU190	o0000139	2377	3204	DI	U+12072	𒁲						
BAU191	o0000279	2378	8645	KI	U+121A0	𒆠						
BAU192	o0001452	2379	7068	|HI×AŠ₂|	U+1212F	𒄯						
BAU193		2380	0								
BAU194		2381	0								
BAU195	o0000550	2382	20009	TE	U+122FC	𒋼						
BAU195	o0000550	2382	20009	TE	U+122FC	𒋼						
BAU196	o0002412	2383	20010	|TE.A|	x122FC.x12000	𒋼𒀀						
BAU197	o0000565	2384	22194	UD	U+12313	𒌓						
BAU198		2385	0								
BAU198a	o0002488	2386	22207	|UD.DU|	x12313.x1207A	𒌓𒁺						
BAU199		2387	0								
BAU200	o0002508	2388	22238	|UD.NUN|	x12313.x12263	𒌓𒉣						
BAU201	o0002482	2389	22197	|UD.AB|	x12313.x1200A	𒌓𒀊						
BAU202	o0000527	2390	16927	SIG	U+122DD	𒋝						
BAU203		2391	0								
BAU204	o0000516	2392	16359	RU	U+12292	𒊒						
BAU205	o0000305	2393	10206	LA	U+121B7	𒆷						
BAU206	o0000528	2394	16933	SIG₄	U+122DE	𒋞						
BAU206	o0000528	2394	16933	SIG₄	U+122DE	𒋞						
BAU207	o0000232	2395	6891	HA	U+12129	𒄩						
BAU207	o0000232	2395	6891	HA	U+12129	𒄩						
BAU208		2396	0								
BAU209	o0027222	2397	2397	BAU209								
BAU210	o0000233	2398	6905	HA@g	U+1212B	𒄫						
BAU210	o0000233	2398	6905	HA@g	U+1212B	𒄫						
BAU211	o0000234	2399	6909	HA@t	U+1212A	𒄪						
BAU212		2400	0								
BAU213	o0000592	2401	23105	UZU	U+1235C	𒍜						
BAU214	o0000537	2402	18250	SUMAŠ	U+122E8	𒋨						
BAU215	o0000535	2403	18183	SUHUR	U+122E6	𒋦						
BAU216		2404	0								
BAU217	o0000193	2405	5104	GAD	U+120F0	𒃰						
BAU218	o0000498	2406	14411	PAD	U+1227B	𒉻						
BAU219		2407	0								
BAU220	o0000193	2408	5104	GAD	U+120F0	𒃰						
BAU221	o0002459	2409	20508	|U.GUD|	U+1230C	𒌌						
BAU222	o0000113	2410	1956	BA	U+12040	𒁀						
BAU223		2411	0								
BAU224	o0000614	2412	24362	ZU	U+1236A	𒍪						
BAU225	o0002674	2413	24363	|ZU.AB|	x1236A.x1200A	𒍪𒀊						
BAU226	o0000531	2414	18050	SU	U+122E2	𒋢						
BAU226	o0000531	2414	18050	SU	U+122E2	𒋢						
BAU227		2415	0								
BAU228	o0000518	2416	16439	SAG	U+12295	𒊕						
BAU228	o0000518	2416	16439	SAG	U+12295	𒊕						
BAU229	o0000519	2417	16493	SAG@g	U+122A8	𒊨						
BAU230		2418	0								
BAU231	o0001627	2419	8246	|KA×GAR|	U+12165	𒅥						
BAU232	o0001611	2420	8209	|KA×A|	U+12158	𒅘						
BAU233	o0000260	2421	8176	KA	U+12157	𒅗						
BAU233	o0000260	2421	8176	KA	U+12157	𒅗						
BAU233	o0000260	2421	8176	KA	U+12157	𒅗						
BAU234	o0001626	2422	8243	|KA×GAN₂@t|	U+12164	𒅤						
BAU234	o0001626	2422	8243	|KA×GAN₂@t|	U+12164	𒅤						
BAU234	o0001626	2422	8243	|KA×GAN₂@t|	U+12164	𒅤						
BAU234	o0000521	2422	16498	SAG@n@g	U+F0050	󰁐						
BAU235	o0001655	2423	8309	|KA×SAR|	U+1217F	𒅿						
BAU235	o0027525	2423	16478	|SAG×SAR|								
BAU236	o0000439	2424	11721	LU₂	U+121FD	𒇽						
BAU237	o0001967	2425	11754	|LU₂×BAD|	U+121FF	𒇿						
BAU238	o0000355	2426	10830	LAK343	U+124EA	𒓪						
BAU239	o0000564	2427	22149	UB	U+12312	𒌒						
BAU240	o0000247	2428	7686	IGI	U+12146	𒅆						
BAU241	o0001499	2429	7705	|IGI.IGI|	x12146.x12146	𒅆𒅆						
BAU242	o0027209	2430	7690	|IGI.BUR|	x12146.x12053	𒅆𒁓						
BAU243	o0001511	2431	7725	|IGI.RU|	x12146.x12292	𒅆𒊒						
BAU244	o0001495	2432	7698	|IGI.EŠ₂|	x12146.x120A0	𒅆𒂠						
BAU244	o0001495	2432	7698	|IGI.EŠ₂|	x12146.x120A0	𒅆𒂠						
BAU245	o0000248	2433	7739	IGI@g	U+1214A	𒅊						
BAU246		2434	0								
BAU247	o0000502	2435	14550	PI	U+1227F	𒉿						
BAU248	o0000175	2436	4575	ERIN₂	U+1209F	𒂟						
BAU249	o0000466	2437	12536	MUŠ₃	U+12239	𒈹						
BAU250		2438	0								
BAU251	o0000204	2439	5340	GAR₃	U+120FC	𒃼						
BAU252	o0000120	2440	2117	BAR	U+12047	𒁇						
BAU253		2441	0								
BAU254		2442	0								
BAU255	o0000210	2443	5933	GI	U+12100	𒄀						
BAU256	o0027204	2444	5946	|GI&GI|								
BAU257	o0000219	2445	5951	GI₄	U+12104	𒄄						
BAU258	o0000609	2446	24247	ZI	U+12363	𒍣						
BAU259	o0002666	2447	24253	|ZI&ZI|	U+12364	𒍤						
BAU259	o0002666	2447	24253	|ZI&ZI|	U+12364	𒍤						
BAU259	o0002666	2447	24253	|ZI&ZI|	U+12364	𒍤						
BAU260	o0000244	2448	7632	IB	U+12141	𒅁						
BAU261	o0000306	2449	10236	LAGAB	U+121B8	𒆸						
BAU262	o0027187	2450	10322	|LAGAB×SI|								
BAU263	o0001814	2451	10286	|LAGAB×HAL|	U+121C9	𒇉						
BAU263	o0001814	2451	10286	|LAGAB×HAL|	U+121C9	𒇉						
BAU264	o0000140	2452	3221	DIB	U+12073	𒁳						
BAU265	o0001778	2453	10279	|LAGAB×(GUD&GUD)|	U+121C7	𒇇						
BAU266	o0000529	2454	16967	SIK₂	U+122E0	𒋠						
BAU267	o0001838	2455	10346	|LAGAB×U|	U+121E5	𒇥						
BAU268	o0027185	2456	10255	|LAGAB×AŠ@c|								
BAU268	o0027185	2456	10255	|LAGAB×AŠ@c|								
BAU269	o0027509	2457	2457	BAU269								
BAU270		2458	0								
BAU271	o0001800	2459	10242	|LAGAB×A|	U+121B9	𒆹						
BAU272	o0000433	2460	11707	LU	U+121FB	𒇻						
BAU273	o0000510	2461	15143	RA	U+1228F	𒊏						
BAU274	o0001909	2462	11713	|LU.HUL₂|	x121FB.x1213E	𒇻𒄾						
BAU275	o0000594	2463	23084	UZ₃	U+1235A	𒍚						
BAU276	o0021461	2464	11324	LAK779								
BAU276	o0000594	2464	23084	UZ₃	U+1235A	𒍚						
BAU277	o0000440	2465	11804	LU₂@s	U+12215	𒈕						
BAU278	o0001321	2466	5030	|GA₂×PA|	U+120E2	𒃢						
BAU278	o0001321	2466	5030	|GA₂×PA|	U+120E2	𒃢						
BAU279	o0002456	2467	20505	|U.GAN|	x1230B.x120F6	𒌋𒃶						
BAU280	o0000160	2468	3602	DUN₃	U+12085	𒂅						
BAU281	o0000240	2469	7147	HUB₂	U+12138	𒄸						
BAU282	o0001475	2470	7151	|HUB₂×KASKAL|	U+1213B	𒄻						
BAU283	o0000558	2471	20268	TUK	U+12307	𒌇						
BAU284	o0000576	2472	22598	UR	U+12328	𒌨						
BAU285	o0000588	2473	22655	UR₄	U+12334	𒌴						
BAU286	o0027173	2474	10209	LA@n								
BAU287	o0000305	2475	10206	LA	U+121B7	𒆷						
BAU288	o0000443	2476	11811	LU₃	U+12216	𒈖						
BAU289	o0000453	2477	12095	ME	U+12228	𒈨						
BAU290		2478	0								
BAU291	o0000134	2479	3066	DAM	U+1206E	𒁮						
BAU292	o0000422	2480	11432	LAL	U+121F2	𒇲						
BAU293	o0001896	2481	11455	|LAL₂.LAGAB|	x121F3.x121B8	𒇳𒆸						
BAU294		2482	0								
BAU295		2483	0								
BAU296	o0000173	2484	4367	EN	U+12097	𒂗						
BAU297	o0000153	2485	3450	DUB	U+1207E	𒁾						
BAU298	o0000177	2486	4787	EZEN	U+120A1	𒂡						
BAU298	o0000177	2486	4787	EZEN	U+120A1	𒂡						
BAU298	o0000177	2486	4787	EZEN	U+120A1	𒂡						
BAU298	o0000177	2486	4787	EZEN	U+120A1	𒂡						
BAU299	o0001111	2487	4811	|EZEN×KASKAL|	U+120AC	𒂬						
BAU300	o0000403	2488	11127	LAK617	U+12501	𒔁						
BAU301	o0001865	2489	11128	|LAK617×AŠ|	U+12502	𒔂						
BAU302	o0001866	2490	11129	|LAK617×BAD|	U+12503	𒔃						
BAU303	o0027210	2491	11130	|LAK617×DUN₃@g@g|	U+12504	𒔄						
BAU304	o0027212	2492	11135	|LAK617×LA@n|								
BAU305	o0001868	2493	11134	|LAK617×LA|	U+12506	𒔆						
BAU306		2494	0								
BAU307	o0000278	2495	8624	KEŠ₂	U+1219F	𒆟						
BAU307	o0000278	2495	8624	KEŠ₂	U+1219F	𒆟						
BAU308	o0000228	2496	6638	GURUŠ	U+12128	𒄨						
BAU308	o0000228	2496	6638	GURUŠ	U+12128	𒄨						
BAU309	o0002555	2497	22728	|URU×BAR|	U+1233A	𒌺						
BAU310	o0000094	2498	1015	AL	U+12020	𒀠						
BAU311	o0000092	2499	844	AD	U+1201C	𒀜						
BAU311	o0000092	2499	844	AD	U+1201C	𒀜						
BAU312	o0000217	2500	6220	GIŠ	U+12111	𒄑						
BAU313	o0000218	2501	6298	GIŠ@t	U+12115	𒄕						
BAU314	o0000208	2502	5909	GEŠTIN	U+120FE	𒃾						
BAU315	o0027224	2503	2503	BAU315								
BAU316		2504	0								
BAU317	o0000206	2505	4903	GA₂	U+120B7	𒂷						
BAU318	o0001320	2506	5027	|GA₂×NUN|	U+120E0	𒃠						
BAU319	o0001814	2507	10286	|LAGAB×HAL|	U+121C9	𒇉						
BAU319	o0001814	2507	10286	|LAGAB×HAL|	U+121C9	𒇉						
BAU320		2508	0								
BAU321	o0027519	2509	4981	|GA₂×GUD|								
BAU322	o0037837	2510	5051	|GA₂×U₂|								
BAU323		2511	0								
BAU324		2512	0								
BAU325	o0001299	2513	4960	|GA₂×EN|	U+120C9	𒃉						
BAU326	o0000270	2514	8433	KAL	U+12197	𒆗						
BAU327	o0000226	2515	6569	GUR	U+12125	𒄥						
BAU328		2516	0								
BAU329	o0027167	2517	2517	BAU329								
BAU330		2518	0								
BAU331	o0000230	2519	6372	GU₂	U+12118	𒄘						
BAU332	o0001431	2520	6387	|GU₂×KAK|	U+12119	𒄙						
BAU333	o0000088	2521	208	AB	U+1200A	𒀊						
BAU333	o0000088	2521	208	AB	U+1200A	𒀊						
BAU334	o0000089	2522	244	AB@g	U+12015	𒀕						
BAU334bis	o0000749	2523	225	|AB×HA|	U+1200F	𒀏						
BAU335	o0000089	2524	244	AB@g	U+12015	𒀕						
BAU336	o0000582	2525	22720	URU	U+12337	𒌷						
BAU336	o0000582	2525	22720	URU	U+12337	𒌷						
BAU337	o0002553	2526	22724	|URU×A|	U+12338	𒌸						
BAU338	o0000584	2527	22811	URUDA	U+1234F	𒍏						
BAU339	o0000161	2528	3603	DUN₃@g	U+12086	𒂆						
BAU339	o0000161	2528	3603	DUN₃@g	U+12086	𒂆						
BAU340	o0000160	2529	3602	DUN₃	U+12085	𒂅						
BAU341	o0002680	2530	24376	|ZU₅×A|	U+1236C	𒍬						
BAU342	o0000155	2531	3494	DUG	U+12081	𒂁						
BAU343	o0001020	2532	3513	|DUG×HI|	U+12498	𒒘						
BAU344	o0000122	2533	2645	BI	U+12049	𒁉						
BAU345	o0002407	2534	19859	|TA×HI|	U+122ED	𒋭						
BAU346	o0000541	2535	19856	TA	U+122EB	𒋫						
BAU347		2536	0								
BAU348	o0000155	2537	3494	DUG	U+12081	𒂁						
BAU349	o0000155	2538	3494	DUG	U+12081	𒂁						
BAU350	o0000122	2539	2645	BI	U+12049	𒁉						
BAU351	o0000122	2540	2645	BI	U+12049	𒁉						
BAU352	o0000155	2541	3494	DUG	U+12081	𒂁						
BAU353	o0002838	2542	19319	ŠIM	U+122C6	𒋆						
BAU353	o0002838	2542	19319	ŠIM	U+122C6	𒋆						
BAU354	o0002752	2543	19334	|ŠIM×GAR|	U+122CB	𒋋						
BAU355	o0002752	2544	19334	|ŠIM×GAR|	U+122CB	𒋋						
BAU356	o0000546	2545	19902	TAG	U+122F3	𒋳						
BAU357	o0000284	2546	8878	KISAL	U+121A6	𒆦						
BAU358	o0021452	2547	22730	|URU×BAR×DUG|								
BAU359		2548	0								
BAU360	o0002833	2549	19183	ŠEN	U+122BF	𒊿						
BAU361	o0000517	2550	16394	SA	U+12293	𒊓						
BAU362	o0000133	2551	2983	DAG	U+12056	𒁖						
BAU363	o0000277	2552	8347	KA₂	U+1218D	𒆍						
BAU364	o0000277	2553	8347	KA₂	U+1218D	𒆍						
BAU365	o0000180	2554	3705	E₂	U+1208D	𒂍						
BAU365	o0000180	2554	3705	E₂	U+1208D	𒂍						
BAU366	o0027226	2555	2555	BAU366								
BAU366	o0000281	2555	8749	KID	U+121A4	𒆤						
BAU367	o0000574	2556	8453	KALAM	U+12327	𒌧						
BAU368	o0000187	2557	4877	GA	U+120B5	𒂵						
BAU369	o0000188	2558	4901	GA@g	U+120B6	𒂶						
BAU370	o0000117	2559	2025	BAHAR₂	U+12043	𒁃						
BAU371	o0002837	2560	19266	ŠID	U+122C3	𒋃						
BAU372	o0000137	2561	3115	DARA₄	U+12071	𒁱						
BAU373	o0000174	2562	4527	EREN	U+1209E	𒂞						
BAU374	o0000149	2563	3396	DU	U+1207A	𒁺						
BAU374	o0000149	2563	3396	DU	U+1207A	𒁺						
BAU374	o0000149	2563	3396	DU	U+1207A	𒁺						
BAU374	o0000149	2563	3396	DU	U+1207A	𒁺						
BAU375	o0000991	2564	3398	|DU.DU|	x1207A.x1207A	𒁺𒁺						
BAU376	o0000152	2565	3416	DU@s	U+1207D	𒁽						
BAU377	o0028997	2566	6297	GIŠ~v								
BAU378	o0000559	2567	20309	TUM	U+12308	𒌈						
BAU379	o0027193	2568	20316	|TUM×A|								
BAU380	o0000249	2569	7776	IL	U+1214B	𒅋						
BAU381	o0000143	2570	3300	DIM₂	U+12076	𒁶						
BAU382	o0000585	2571	22618	UR₂	U+1232B	𒌫						
BAU383		2572	0								
BAU384	o0000289	2573	9000	KU	U+121AA	𒆪						
BAU385		2574	0								
BAU385a	o0000475	2575	13609	NAM₂	U+12247	𒉇						
BAU385b	o0027201	2576	13611	NAM₂@t								
BAU385c	o0000557	2577	20244	TUG₂	U+12306	𒌆						
BAU386		2578	0								
BAU386a	o0000178	2579	4655	EŠ₂	U+120A0	𒂠						
BAU386a	o0000178	2579	4655	EŠ₂	U+120A0	𒂠						
BAU386b	o0000179	2580	4682	EŠ₂@t	U+F0064	󰁤						
BAU387		2581	0								
BAU387a	o0027517	2582	13610	NAM₂@g@t								
BAU388	o0000254	2583	7856	IM	U+1214E	𒅎						
BAU389	o0000486	2584	13744	NI₂	U+1224E	𒉎						
BAU389	o0000486	2584	13744	NI₂	U+1224E	𒉎						
BAU390	o0002842	2585	19420	ŠITA	U+122D6	𒋖						
BAU391	o0018862	2586	19424	|ŠITA.GIŠ.NAM₂|	x122D6.x12111.x12247	𒋖𒄑𒉇						
BAU392	o0000269	2587	8412	KAK	U+12195	𒆕						
BAU393	o0000221	2588	6362	GU	U+12116	𒄖						
BAU394	o0027205	2589	6363	|GU.GU|	x12116.x12116	𒄖𒄖						
BAU395	o0002842	2590	19420	ŠITA	U+122D6	𒋖						
BAU396	o0000202	2591	5306	GAR	U+120FB	𒃻						
BAU397	o0000522	2592	16632	SAL	U+122A9	𒊩						
BAU398	o0002304	2593	16652	|SAL.KUR|	x122A9.x121B3	𒊩𒆳						
BAU399	o0000170	2594	3867	EL	U+12096	𒂖						
BAU400		2595	0								
BAU401	o0002323	2596	16667	|SAL.TUG₂|	U+1238F	𒎏						
BAU402		2597	0								
BAU403		2598	0								
BAU404	o0000129	2599	2864	BUR	U+12053	𒁓						
BAU405	o0027169	2600	2600	BAU405								
BAU406	o0000479	2601	13728	NI	U+1224C	𒉌						
BAU407	o0002079	2602	13736	|NI.UD|	U+1238E	𒎎						
BAU408	o0000473	2603	13572	NAGAR	U+12244	𒉄						
BAU408	o0000473	2603	13572	NAGAR	U+12244	𒉄						
BAU409	o0002076	2604	13735	|NI.TUK|	x1224C.x12307	𒉌𒌇						
BAU410	o0000978	2605	3296	|DIM×ŠE|	U+12075	𒁵						
BAU411	o0000257	2606	7976	IR	U+12155	𒅕						
BAU412	o0000252	2607	7779	IL₂	U+1214D	𒅍						
BAU413	o0000175	2608	4575	ERIN₂	U+1209F	𒂟						
BAU414	o0000579	2609	22695	URI	U+12335	𒌵						
BAU415	o0000560	2610	20367	TUR	U+12309	𒌉						
BAU416	o0000087	2611	23	A	U+12000	𒀀						
BAU416	o0000087	2611	23	A	U+12000	𒀀						
BAU417		2612	0								
BAU417a	o0027203	2613	155	|A×AN|								
BAU418	o0000294	2614	9149	KUR	U+121B3	𒆳						
BAU419		2615	0								
BAU420		2616	0								
ZATU059	o0018505	23421	2337	BAU153								
