LAK001	o0000106	1412	AŠ	U+12038	
LAK001	o0000106	1412	AŠ	U+12038	
LAK002	o0221914	1444	AŠ@c	U+12550	
LAK003	o0000349	10075	LAK3	U+124D5	
LAK004	o0000245	7297	IDIM	U+12142	
LAK005	o0000236	6578	HAL	U+1212C	
LAK006	o0000213	5736	GIR₂	U+12108	
LAK007	o0000214	5738	GIR₂@g	U+12109	
LAK008	o0000099	1157	AN	U+1202D	
LAK009	o0000796	1215	|AN&AN|	U+1202E	
LAK010	o0000642	1158	|3×AN|	U+1202F	
LAK010	o0000642	1158	|3×AN|	U+1202F	
LAK010	o0000642	1158	|3×AN|	U+1202F	
LAK011	o0000311	10084	LAK11	U+F1000	
LAK012	o0000291	8726	KUL	U+121B0	
LAK013	o0000313	10087	LAK13	U+F1001	
LAK014	o0000457	11934	MU	U+1222C	
LAK015	o0002016	11939	|MU&MU|	U+1222D	
LAK016	o0000114	1638	BAD	U+12041	
LAK016	o0000114	1638	BAD	U+12041	
LAK017	o0000555	19451	TIL	U+12300	
LAK018	o0000553	19401	TI	U+122FE	
LAK019	o0000118	1691	BAL	U+12044	
LAK020	o0000321	10095	LAK20	U+F1002	
LAK021	o0000322	10097	LAK21	U+124D6	
LAK022	o0000469	13159	NA	U+1223E	
LAK023	o0002840	18711	ŠIR	U+122D3	
LAK024	o0000491	13778	NU₁₁	U+12262	
LAK024b	o0000492	13792	NU₁₁@90	U+12393	
LAK025	o0000338	10103	LAK25	U+124D7	
LAK026	o0000293	8744	KUN	U+121B2	
LAK027	o0000344	10106	LAK27	U+F1003	
LAK028	o0000345	10108	LAK28	U+F1004	
LAK029	o0000273	8100	KAM₄	U+1219B	
LAK030	o0000350	10111	LAK30	U+124D8	
LAK031	o0000581	22122	URI₃	U+12336	
LAK032	o0002834	18546	ŠEŠ	U+122C0	
LAK033	o0002740	18551	|ŠEŠ.KI|	x122C0.x121A0	
LAK034	o0000444	11556	MA	U+12220	
LAK035	o0000445	11559	MA@g	U+12222	
LAK036	o0000487	13763	NU	U+12261	
LAK037	o0000362	10119	LAK37	U+F1005	
LAK038	o0000499	14071	PAN	U+1227C	
LAK039	o0002848	18916	ŠUBUR	U+122DA	
LAK040	o0000158	3242	DUN	U+12084	
LAK041	o0000119	1699	BALAG	U+12046	
LAK042	o0000449	11666	MAŠ	U+12226	
LAK043	o0000451	11683	MAŠ₂	U+12227	
LAK043	o0000451	11683	MAŠ₂	U+12227	
LAK044	o0027568	11686	MAŠ₂@g	U+F1006	
LAK045	o0000897	1649	|BAD×DIŠ@t|	U+12483	
LAK046	o0000193	4733	GAD	U+120F0	
LAK046@v	o0018556	10129	LAK046@v	U+F1007	
LAK046a	o0025810	10130	LAK046a	U+F1008	
LAK047	o0000539	17904	SUR	U+122E9	
LAK048	o0000458	11989	MUG	U+1222E	
LAK049	o0023005	16298	|SAL×KUR|	U+F1009	
LAK050	o0000390	10135	LAK50	U+124D9	
LAK051	o0031506	10136	LAK051	U+124DA	
LAK052	o0000131	2520	BUR₂	U+12054	
LAK053	o0000141	2937	DIM	U+12074	
LAK054	o0000976	2939	|DIM×IGI|	U+1248A	
LAK055	o0000978	2944	|DIM×ŠE|	U+12075	
LAK055	o0000978	2944	|DIM×ŠE|	U+12075	
LAK056	o0000142	2946	DIM@g	U+F100A	
LAK057	o0000446	11598	MAH	U+12224	
LAK058	o0000595	22343	UŠ	U+12351	
LAK059	o0000843	1291	|ARAD×KUR|	U+12035	
LAK060	o0002617	22357	|UŠ×TAK₄|	U+12355	
LAK061	o0025727	10147	LAK061	U+F100B	
LAK062	o0018530	1419	|AŠ.GAN|	U+124DB	
LAK063	o0001425	6004	|GU₂.GAR₃|	x12118.x120FC	
LAK063b	o0001993	11669	|MAŠ.GU₂.GAR₃|	x12226.x12118.x120FC	
LAK064	o0000239	6760	HU	U+12137	
LAK065	o0001466	6762	|HU.HI|	x12137.x1212D	
LAK066	o0001470	6767	|HU.SI|	x12137.x122DB	
LAK067			Sequence u₅-a.	U+F2000	
LAK068	o0001469	6766	|HU.NA₂|	x12137.x1223F	
LAK069	o0027540	6769	HU@g	U+F100C	
LAK070	o0002714	18309	|ŠE.HU|	U+122BB	
LAK071	o0000474	13229	NAM	U+12246	
LAK071	o0000474	13229	NAM	U+12246	
LAK072	o0000130	2559	BURU₅	U+12245	
LAK072b	o0025788	2561	|BURU₅×AMAR@t|	U+F100D	
LAK073	o0027589	1425	|AŠ×AŠ@t|	U+F100E	
LAK074	o0000534	17741	SUD₂	U+122E5	
LAK075	o0000514	15419	RI	U+12291	
LAK076	o0000488	13826	NUN	U+12263	
LAK077	o0021460	10165	LAK077	U+F100F	
LAK078	o0002125	13835	|NUN.LAGAR|	x12263.x121EC	
LAK078	o0002125	13835	|NUN.LAGAR|	x12263.x121EC	
LAK079	o0025793	10167	LAK079	U+F1010	
LAK079a	o0025789	10169	|(LAK079&LAK079)@g|	U+124DC	
LAK080	o0000418	10172	LAK80	U+124DD	
LAK081	o0027563	10174	LAK81	U+F1011	
LAK081a	o0001886	10175	|LAK81&LAK81|	U+124DE	
LAK082	o0000246	7308	IG	U+12145	
LAK083	o0000525	16476	SI	U+122DB	
LAK084	o0002337	16477	|SI.A|	x122DB.x12000	
LAK085	o0002365	16485	|SI×TAK₄|	U+12538	
LAK086	o0000526	16486	SI@g	U+122DC	
LAK087	o0000093	974	AK	U+1201D	
LAK087	o0000093	974	AK	U+1201D	
LAK088	o0000226	6201	GUR	U+12125	
LAK089	o0000199	4891	GAN₂	U+120F7	
LAK090	o0000544	19200	TAB	U+122F0	
LAK091	o0000034	23889	4(AŠ)	U+12402	
LAK092	o0000421	10188	LAK92	U+124DF	
LAK093	o0000310	10189	LAK093	U+F1012	
LAK094	o0000426	11243	LIL	U+121F8	
LAK094	o0000426	11243	LIL	U+121F8	
LAK095	o0000483	13551	NINDA₂	U+12252	
LAK096	o0002110	13581	|NINDA₂×KUL|	U+F1013	
LAK097	o0002098	13565	|NINDA₂×DIM@g|	U+12522	
LAK098	o0002106	13582	|NINDA₂×LAK50|	U+12527	
LAK099	o0028039	13561	|NINDA₂×AŠ@c|	U+F1014	
LAK100	o0027636	13631	|NINDA₂×3(AŠ@c)|	U+F1015	
LAK101	o0027634	13588	|NINDA₂×NIGIDAMIN@c|	U+F1016	
LAK102	o0028041	13620	|NINDA₂×U@c|	U+F1017	
LAK103	o0027882	13621	|NINDA₂×(U@c.U@c)|	U+F1018	
LAK104	o0002102	13576	|NINDA₂×GUD|	U+12256	
LAK105	o0002118	13593	|NINDA₂×ŠE|	U+1225A	
LAK106	o0223482	13602	|NINDA₂×(ŠE.AŠ@c)|	U+12598	
LAK107	o0223483	13603	|NINDA₂×(ŠE.AŠ@c.AŠ@c)|	U+12599	
LAK108	o0002118	13593	|NINDA₂×ŠE|	U+1225A	
LAK109	o0002109	13587	|NINDA₂×NE|	U+12258	
LAK110	o0002107	13583	|NINDA₂×MAŠ|	U+12528	
LAK111	o0002112	13625	|NINDA₂×URUDA|	U+1252C	
LAK112	o0002103	13577	|NINDA₂×GUL|	U+12524	
LAK113	o0002086	13591	|NINDA₂×(PAP.PAP)|	U+12529	
LAK114	o0002104	13578	|NINDA₂×HI|	U+12525	
LAK115	o0002105	13580	|NINDA₂×KEŠ₂|	U+12526	
LAK116	o0002101	13574	|NINDA₂×GIŠ|	U+12523	
LAK117	o0000618	23794	ZU₅	U+1236B	
LAK117	o0000618	23794	ZU₅	U+1236B	
LAK118	o0002679	23797	|ZU₅×(DIŠ@t.DIŠ@t.DIŠ@t)|	U+12543	
LAK119	o0000190	4710	GABA	U+120EE	
LAK120	o0000312	10216	LAK120	U+F1019	
LAK121	o0000497	13955	PA	U+1227A	
LAK122	o0002123	13857	|NUN&NUN|	U+1226A	
LAK123	o0000222	6060	GUD	U+1211E	
LAK124	o0001422	6075	|GUD×KUR|	U+12120	
LAK125	o0000580	22119	URI@n	U+F101A	
LAK126	o0000448	11646	MAR	U+12225	
LAK127	o0000454	11816	MES	U+12229	
LAK128	o0000102	1266	APIN	U+12033	
LAK129	o0002193	13990	|PA.IB|	x1227A.x12141	
LAK130	o0000314	10226	LAK130	U+124E0	
LAK131	o0018859	1774	|BAR×TAB|	U+F101B	
LAK132	o0000315	10228	LAK132	U+F101C	
LAK133	o0000859	1431	|AŠ&AŠ&AŠ|	U+1203C	
LAK134	o0000061	23904	6(AŠ~a)	U+12440	
LAK135	o0000242	7226	I	U+1213F	
LAK136	o0000166	3333	E	U+1208A	
LAK137	o0001123	3348	|E×PAP|	U+1208B	
LAK138	o0000095	1056	ALAN	U+12029	
LAK139	o0002845	18769	ŠU	U+122D7	
LAK140	o0000112	169	A₂	U+12009	
LAK141	o0025818	10237	LAK141	U+F101D	
LAK141	o0031747	18823	|ŠU×ŠE|	U+F101E	
LAK142	o0000316	10238	LAK142	U+124E1	
LAK143	o0000132	2592	DA	U+12055	
LAK143	o0000132	2592	DA	U+12055	
LAK144	o0000112	169	A₂	U+12009	
LAK145	o0000971	2595	|DA×TAK₄|	U+12488	
LAK146	o0002845	18769	ŠU	U+122D7	
LAK147	o0000263	7996	KAB	U+1218F	
LAK148	o0000477	13290	NE	U+12248	
LAK149	o0022992	13304	|NE×PAP|	U+F101F	
LAK150	o0027632	13303	|NE×KASKAL|	U+F1020	
LAK151	o0000317	10247	LAK151	U+F1021	
LAK152	o0000599	19869	U₂	U+12311	
LAK153	o0000121	1787	BARA₂	U+12048	
LAK154	o0000162	3253	DUN₃@g@g	U+12087	
LAK155	o0000573	21949	UMUM	U+12323	
LAK155	o0000573	21949	UMUM	U+12323	
LAK156	o0002530	21954	|UMUM×PA|	U+12325	
LAK156b	o0000138	2792	DE₂	U+12324	
LAK156b	o0000138	2792	DE₂	U+12324	
LAK156b	o0000138	2792	DE₂	U+12324	
LAK157	o0000462	12094	MURUB₄	U+12318	
LAK157	o0038409	21689	UD@g	U+12319	
LAK157	o0038409	21689	UD@g	U+12319	
LAK158	o0027570	12095	MURUB₄@g	U+F0058	
LAK159	o0000485	13719	NISAG	U+12260	
LAK160	o0000204	4969	GAR₃	U+120FC	
LAK161	o0000204	4969	GAR₃	U+120FC	
LAK162a	o0000110	1462	AŠ₂	U+1203E	
LAK162b	o0000612	23766	ZIZ₂	U+12369	
LAK163	o0000259	7693	IŠ	U+12156	
LAK164	o0000194	4798	GAL	U+120F2	
LAK165	o0000434	11464	LUGAL	U+12217	
LAK166	o0000435	11474	LUGAL@s	U+1221A	
LAK167	o0000248	7369	IGI@g	U+1214A	
LAK168	o0000436	11489	LUH	U+1221B	
LAK169	o0000129	2512	BUR	U+12053	
LAK170	o0002824	17989	ŠA	U+122AD	
LAK171	o0000267	8015	KAD₄	U+12192	
LAK171@s	o0000318	10270	LAK171@s	U+F1022	
LAK172	o0000252	7409	IL₂	U+1214D	
LAK173	o0000268	8019	KAD₅	U+12193	
LAK173	o0000319	10272	LAK173	U+12193	
LAK174	o0000282	8440	KIN	U+121A5	
LAK175	o0000523	16345	SANGA₂	U+122AB	
LAK176	o0000579	22118	URI	U+12335	
LAK177	o0000166	3333	E	U+1208A	
LAK178	o0223363	1455	AŠ@t	U+12039	
LAK179			Sequence AŠ@t-DAR	U+F2001	
LAK180	o0000196	4862	GAM	U+120F5	
LAK181	o0000548	19298	TAR	U+122FB	
LAK182	o0000539	17904	SUR	U+122E9	
LAK183	o0000241	6801	HUL₂	U+1213E	
LAK184	o0027610	6802	|HUL₂×X|	U+F1023	
LAK185	o0000010	23959	2(AŠ@t)	U+1244A	
LAK186	o0000179	4328	EŠ₂@t	U+F1024	
LAK186	o0000201	4899	GAN₂@t	U+120F8	
LAK187	o0002832	18445	ŠEG₉	U+122BE	
LAK188	o0000528	16538	SIG₄	U+122DE	
LAK188	o0000528	16538	SIG₄	U+122DE	
LAK189	o0000424	11120	LAM	U+121F4	
LAK190	o0001906	11125	|LAM×KUR|	U+121F5	
LAK191	o0000021	23961	3(AŠ@t)	U+1244B	
LAK192			Sequence eš-bar	U+F2002	
LAK193	o0000048	23965	5(AŠ@t)	U+1244D	
LAK194	o0000438	11521	LUM	U+1221D	
LAK194	o0000438	11521	LUM	U+1221D	
LAK195	o0000229	6209	GUR₇	U+12126	
LAK195	o0000320	10294	LAK195	U+12126	
LAK196	o0002829	18023	ŠA₆	U+122B7	
LAK197	o0000536	17845	SUM	U+122E7	
LAK198	o0018582	17847	|SUM×DIŠ|	U+F1025	
LAK199	o0002831	18292	ŠE	U+122BA	
LAK200	o0002709	18361	|ŠE&ŠE|	U+12532	
LAK200	o0002709	18361	|ŠE&ŠE|	U+12532	
LAK201	o0002714	18309	|ŠE.HU|	U+122BB	
LAK202	o0025729	10301	LAK202	U+F1026	
LAK203	o0025822	10302	LAK203	U+F1027	
LAK204	o0002726	18330	|ŠE.NUN&NUN|	U+12301	
LAK205	o0221917	10304	LAK205	U+F1028	
LAK206	o0000425	11192	LI	U+121F7	
LAK207	o0000634	18364	|(ŠE&ŠE).HUB₂|	U+12533	
LAK207a	o0025824	10307	LAK207a	U+F1029	
LAK208	o0000298	14986	REC145	U+121AE	
LAK208	o0000298	14986	REC145	U+121AE	
LAK208	o0000298	14986	REC145	U+121AE	
LAK209	o0000470	13182	NAGA	U+12240	
LAK210	o0000323	10310	LAK210	U+124E2	
LAK211	o0000556	19518	TU	U+12305	
LAK212	o0000105	1371	ASAL₂~a	U+12037	
LAK213	o0000325	10313	LAK213	U+F102A	
LAK214	o0000256	7563	IN	U+12154	
LAK215	o0000524	16379	SAR	U+122AC	
LAK216	o0002335	16382	|SAR×ŠE|	U+12535	
LAK217	o0027644	16384	|SAR×ZIZ₂|	U+F102B	
LAK218	o0002673	23787	|ZU&ZU.SAR|	U+12542	
LAK219	o0000326	10319	LAK219	U+124E3	
LAK220	o0000327	10320	LAK220	U+124E4	
LAK221	o0000476	13162	NA₂	U+1223F	
LAK222	o0000328	10322	LAK222	U+F102C	
LAK223	o0027607	6690	|HI.SUHUR|	x1212D.x122E6	
LAK224	o0027612	7356	|IGI.SUHUR|	x12146.x122E6	
LAK225	o0000329	10325	LAK225	U+124E5	
LAK226	o0000537	17855	SUMAŠ	U+122E8	
LAK227	o0000535	17788	SUHUR	U+122E6	
LAK228	o0000330	10328	LAK228	U+124E6	
LAK229	o0000500	14084	PAP	U+1227D	
LAK230	o0002231	14099	|PAP.PAP|	x1227D.x1227D	
LAK231	o0000331	10331	LAK231	U+F102D	
LAK232	o0000124	2401	BU	U+1204D	
LAK232	o0000124	2401	BU	U+1204D	
LAK232	o0000124	2401	BU	U+1204D	
LAK233	o0000126	2432	BU@g	U+F102E	
LAK234	o0025731	10335	LAK234	U+F102F	
LAK235	o0000463	12120	MUŠ	U+12232	
LAK236	o0002021	12148	|MUŠ%MUŠ|	U+12238	
LAK237	o0000144	2979	DIN	U+12077	
LAK238	o0000332	10340	LAK238	U+124E7	
LAK239	o0000333	10341	LAK239	U+F1030	
LAK240	o0245336	10342	LAK240	U+F1031	
LAK240	o0245336	10342	LAK240	U+F1032	
LAK240	o0245336	10342	LAK240	U+F1033	
LAK241	o0000334	10343	LAK241	U+F1034	
LAK242	o0000437	11506	LUL	U+1221C	
LAK243	o0000437	11506	LUL	U+1221C	
LAK244	o0000335	10346	LAK244	U+F1035	
LAK244	o0000335	10346	LAK244	U+F1036	
LAK245	o0000501	14158	PEŠ₂	U+1227E	
LAK246	o0000336	10348	LAK246	U+F1037	
LAK247	o0000337	10349	LAK247	U+F1038	
LAK248	o0000286	8565	KIŠ	U+121A7	
LAK248	o0000215	5741	GIR₃	U+1210A	
LAK248	o0000286	8565	KIŠ	U+121A7	
LAK248	o0000286	8565	KIŠ	U+121A7	
LAK248	o0000286	8565	KIŠ	U+121A7	
LAK248	o0000286	8565	KIŠ	U+121A7	
LAK248	o0000286	8565	KIŠ	U+121A7	
LAK248@g	o0025826	10351	LAK248@g	U+F1039	
LAK248b	o0025828	10353	LAK248b	U+F103A	
LAK248b	o0025828	10353	LAK248b	U+F103B	
LAK249	o0001352	5756	|GIR₃×IGI|	U+1210D	
LAK250	o0027597	6540	|HA@g×IGI.LU|	X.x121FBU+F103C	
LAK251	o0001351	5754	|GIR₃×GAN₂@t|	U+1210C	
LAK252	o0000339	10357	LAK252	U+F103D	
LAK253	o0000101	1232	ANŠE	U+12032	
LAK254	o0021775	1245	|ANŠE×SAL|	U+F103E	
LAK255	o0001353	5760	|GIR₃×PA|	U+1210F	
LAK256	o0025860	10361	LAK256	U+F103F	
LAK256@g	o0025829	10362	LAK256@g	U+F1040	
LAK257	o0000503	14221	PIRIG	U+1228A	
LAK257	o0000503	14221	PIRIG	U+1228A	
LAK257	o0000503	14221	PIRIG	U+1228A	
LAK258	o0027638	14230	|PIRIG×PA.LAGAB|	X.x121B8U+F1041	
LAK259	o0002244	14232	|PIRIG×UD|	U+1228C	
LAK259	o0002244	14232	|PIRIG×UD|	U+1228C	
LAK260	o0027640	14231	|PIRIG×ŠE|	U+F1042	
LAK261	o0002245	14234	|PIRIG×ZA|	U+1228D	
LAK262	o0000340	10368	LAK262	U+F1043	
LAK262@g	o0025831	10369	LAK262@g	U+F1044	
LAK263	o0000341	10370	LAK263	U+F1045	
LAK264	o0000136	2760	DARA₃	U+12070	
LAK265	o0000342	10373	LAK265	U+124E8	
LAK266	o0000343	10374	LAK266	U+124E9	
LAK267	o0000097	1115	AMAR	U+1202B	
LAK268	o0000795	1123	|AMAR×ŠE|	U+1202C	
LAK269	o0000530	16612	SILA₃	U+122E1	
LAK270	o0000482	13493	NIM	U+1224F	
LAK270	o0000482	13493	NIM	U+1224F	
LAK271	o0000482	13493	NIM	U+1224F	
LAK271	o0000482	13493	NIM	U+1224F	
LAK272	o0002081	13496	|NIM×GAN₂@t|	U+12250	
LAK273	o0000275	8178	KASKAL	U+1219C	
LAK274	o0000513	15010	REC169	U+F1046	
LAK275	o0001584	8180	|KASKAL.GA|	x1219C.x120B5	
LAK276	o0001363	5923	|GIŠ%GIŠ|	U+12112	
LAK277	o0001405	5917	|GIŠ×(GIŠ%GIŠ)|	U+124CB	
LAK278a	o0001124	4320	|EŠ₂%EŠ₂|	U+124AC	
LAK278b	o0001136	4326	|EŠ₂@g@t%EŠ₂@g@t|	U+F1047	
LAK279	o0000431	11321	LIŠ	U+121FA	
LAK280	o0000175	4222	ERIN₂	U+1209F	
LAK281	o0000516	15965	RU	U+12292	
LAK282	o0000547	19258	TAK₄	U+122FA	
LAK283	o0000605	22696	ZAG	U+12360	
LAK283a	o0025775	10393	LAK283a	U+F1048	
LAK284	o0000564	21572	UB	U+12312	
LAK285	o0000193	4733	GAD	U+120F0	
LAK286	o0000346	10396	LAK286	U+F1049	
LAK287	o0000347	10397	LAK287	U+F104A	
LAK288	o0001190	4741	|GAD.TAK₄.SI|	x120F0.x122FA.x122DB	
LAK289	o0000572	21920	UMBIN	U+12322	
LAK290	o0000113	1604	BA	U+12040	
LAK291	o0000614	23782	ZU	U+1236A	
LAK292	o0002674	23783	|ZU.AB|	x1236A.x1200A	
LAK293	o0000531	17655	SU	U+122E2	
LAK293	o0000531	17655	SU	U+122E2	
LAK294	o0002371	17661	|SU.KUR.RU|	x122E2.x121B3.x12292	
LAK295	o0002743	18591	|ŠID×A|	U+122C4	
LAK296	o0000104	1340	ARKAB₂	U+12036	
LAK297	o0000104	1340	ARKAB₂	U+12036	
LAK298	o0000348	10408	LAK298	U+F104B	
LAK299	o0002459	19826	|U.GUD|	U+1230C	
LAK300	o0002459	19826	|U.GUD|	U+1230C	
LAK301	o0000308	10013	LAGAR@g	U+121EF	
LAK302	o0000308	10013	LAGAR@g	U+121EF	
LAK303	o0001853	10005	|LAGAR×ŠE|	U+121ED	
LAK304	o0000295	8866	KUŠU₂	U+121B5	
LAK304a	o0000172	3958	ELLES396	U+12361	
LAK305	o0002500	21650	|UD.KUŠU₂|	U+12314	
LAK306	o0000307	9998	LAGAR	U+121EC	
LAK307	o0000518	16045	SAG	U+12295	
LAK307	o0000518	16045	SAG	U+12295	
LAK308	o0002277	16065	|SAG×HA|	U+12299	
LAK309	o0002271	16100	|SAG@g×HA|	U+1252D	
LAK309a	o0025837	10422	LAK309a	U+F104C	
LAK309a	o0031737	16067	|SAG×IGI|	U+F104D	
LAK310	o0002285	16089	|SAG×TAK₄@f|	U+12539	
LAK311	o0002276	16062	|SAG×EN|	U+1252E	
LAK312	o0002279	16069	|SAG×KAK|	U+1229A	
LAK313	o0027642	16078	|SAG×NI|	U+F104E	
LAK314	o0002274	16060	|SAG×DU|	U+12297	
LAK315	o0000351	10428	LAK315	U+F104F	
LAK316	o0002466	19835	|U.SAG|	x1230B.x12295	
LAK317	o0000519	16099	SAG@g	U+122A8	
LAK318	o0000260	7806	KA	U+12157	
LAK318	o0000260	7806	KA	U+12157	
LAK318	o0000260	7806	KA	U+12157	
LAK319	o0001666	7958	|KA×U|	U+12187	
LAK319	o0001666	7958	|KA×U|	U+12187	
LAK320	o0001630	7883	|KA×GIR₂|	U+12168	
LAK321	o0001668	7960	|KA×U₂|	U+12188	
LAK322	o0001674	7945	|KA×ŠE|	U+12181	
LAK323	o0001676	7948	|KA×ŠU|	U+12183	
LAK323	o0001676	7948	|KA×ŠU|	U+12183	
LAK324	o0001626	7873	|KA×GAN₂@t|	U+12164	
LAK324	o0001626	7873	|KA×GAN₂@t|	U+12164	
LAK324	o0001626	7873	|KA×GAN₂@t|	U+12164	
LAK325	o0001655	7939	|KA×SAR|	U+1217F	
LAK326	o0001638	7894	|KA×IM|	U+1216E	
LAK327	o0027613	7930	|KA×NI₂|	U+F1050	
LAK328	o0001605	7959	|KA×(U.U.U)|	U+124D2	
LAK329	o0018560	21646	|UD.KA.AŠ|	x12313.x12157.x12038	
LAK330	o0001627	7876	|KA×GAR|	U+12165	
LAK331	o0001611	7839	|KA×A|	U+12158	
LAK332	o0000353	10445	LAK332	U+F1051	
LAK333	o0001656	7937	|KA×SA|	U+1217E	
LAK334	o0001648	7908	|KA×ME|	U+12174	
LAK335	o0001671	7971	|KA×ZI|	U+1218C	
LAK336	o0000354	10449	LAK336	U+F1052	
LAK337	o0000439	11348	LU₂	U+121FD	
LAK338	o0001968	11385	|LU₂×DIŠ|	U+1251A	
LAK339	o0001955	11429	|LU₂@g×AŠ|	U+12519	
LAK340	o0025839	10453	LAK340	U+F1053	
LAK340a	o0001983	11408	|LU₂×PAP|	U+1251C	
LAK340b	o0001974	11391	|LU₂×HAL|	U+1251B	
LAK341	o0001961	11409	|LU₂×(PAP.PAP.LU₃)|	U+1251D	
LAK342	o0001984	11417	|LU₂×TAK₄|	U+1251E	
LAK343	o0000355	10458	LAK343	U+124EA	
LAK344	o0001967	11381	|LU₂×BAD|	U+121FF	
LAK345	o0001957	11434	|LU₂@s×BAD|	U+12389	
LAK346	o0000109	1500	AŠGAB	U+1203F	
LAK347	o0000356	10462	LAK347	U+124EB	
LAK348	o0000357	10463	LAK348	U+124EC	
LAK349	o0000358	10464	LAK349	U+F1054	
LAK350	o0000592	22525	UZU	U+1235C	
LAK350@90	o0025733	10466	LAK350@90	U+F1055	
LAK351	o0000232	6521	HA	U+12129	
LAK351	o0000232	6521	HA	U+12129	
LAK352	o0000234	6541	HA@t	U+1212A	
LAK353	o0000233	6535	HA@g	U+1212B	
LAK353	o0000233	6535	HA@g	U+1212B	
LAK354	o0000235	6543	HA@t@g	U+124CE	
LAK355	o0027565	9839	LA₂@t	U+F1056	
LAK356	o0002812	18833	|ŠU₂.AN|	x122D9.x1202D	
LAK356	o0002812	18833	|ŠU₂.AN|	x122D9.x1202D	
LAK356	o0002812	18833	|ŠU₂.AN|	x122D9.x1202D	
LAK357	o0002811	18837	|ŠU₂.AN.HI×GAD|	x122D9.x1202D.x12132	
LAK358	o0002807	18846	|ŠU₂.(E₂×AN)|	U+12537	
LAK359	o0000237	6679	HI	U+1212D	
LAK360	o0001443	6680	|HI.A|	x1212D.x12000	
LAK361	o0001447	6696	|HI×AŠ|	U+1212E	
LAK361	o0001447	6696	|HI×AŠ|	U+1212E	
LAK362	o0000624	6697	|(HI×AŠ)&(HI×AŠ)|	U+124CF	
LAK363	o0025841	10479	LAK363	U+F1057	
LAK364	o0000490	13885	NUNUZ	U+1226D	
LAK365	o0027609	6710	|HI×HAL|	U+F1058	
LAK366	o0001453	6705	|HI×BAD|	U+12130	
LAK367	o0001462	6716	|HI×NUN|	U+12134	
LAK368	o0001461	6721	|HI×NUN.ME|	x12134.x12228	
LAK368@s	o0000360	10485	LAK368@s	U+F1059	
LAK369	o0000361	10486	LAK369	U+F105A	
LAK370	o0001452	6700	|HI×AŠ₂|	U+1212F	
LAK371	o0001449	6702	|HI×AŠ₂.HI×AŠ₂|	x1212F.x1212F	
LAK372	o0001464	6728	|HI×ŠE|	U+12135	
LAK373	o0000550	19330	TE	U+122FC	
LAK373	o0000550	19330	TE	U+122FC	
LAK374	o0002414	19336	|TE.ME|	x122FC.x12228	
LAK375	o0002412	19331	|TE.A|	x122FC.x12000	
LAK376	o0000254	7486	IM	U+1214E	
LAK377	o0000486	13372	NI₂	U+1224E	
LAK377	o0000486	13372	NI₂	U+1224E	
LAK378	o0001549	7509	|IM×TAK₄|	U+1214F	
LAK379	o0000565	21617	UD	U+12313	
LAK380	o0025842	10497	LAK380	U+F105B	
LAK381	o0002516	21695	|UD@s×BAD|	U+1231B	
LAK382	o0000551	19339	TE@g	U+122FD	
LAK383	o0000363	10500	LAK383	U+124ED	
LAK384	o0000364	10501	LAK384	U+124EE	
LAK385	o0002850	18831	ŠU₂	U+122D9	
LAK386	o0000365	10503	LAK386	U+F105C	
LAK387	o0000366	10504	LAK387	U+F105D	
LAK388	o0000367	10505	LAK388	U+F105E	
LAK389	o0000224	6149	GUL	U+12122	
LAK390	o0000368	10507	LAK390	U+124EF	
LAK391	o0000455	11848	MI	U+1222A	
LAK392	o0000156	3197	DUGUD	U+12082	
LAK393	o0002015	11851	|MI.ZA₇|	U+1251F	
LAK394	o0000212	5649	GIG	U+1237C	
LAK395	o0038384	10512	LAK395	U+F105F	
LAK396	o0002815	18842	|ŠU₂.DUG×NI|	U+12536	
LAK397	o0027760	18845	|ŠU₂.E₂|	x122D9.x1208D	
LAK398	o0000498	14039	PAD	U+1227B	
LAK399	o0038386	10516	LAK399	U+F1060	
LAK400	o0000527	16532	SIG	U+122DD	
LAK401	o0002473	19846	|U.UD|	x1230B.x12313	
LAK402	o0002472	19847	|U.UD.KID|	x1230B.x12313.x121A4	
LAK403	o0000090	247	AB₂	U+12016	
LAK404	o0000763	254	|AB₂.ŠA₃|	x12016.x122AE	
LAK405	o0027588	256	|(AB₂.ŠA₃)&(AB₂.ŠA₃)|	U+F1061	
LAK406	o0000770	290	|AB₂×TAK₄|	U+1201B	
LAK407	o0025844	10524	LAK407	U+F1062	
LAK407b	o0002456	19823	|U.GAN|	x1230B.x120F6	
LAK408	o0000370	10526	LAK408	U+F1063	
LAK409	o0000371	10527	LAK409	U+F1064	
LAK410	o0000372	10528	LAK410	U+F1065	
LAK411	o0002477	19838	|U.ŠA|	x1230B.x122AD	
LAK412	o0002457	19819	|U.GA|	x1230B.x120B5	
LAK413	o0002461	19828	|U.KA|	x1230B.x12157	
LAK414	o0002446	19809	|U.AD|	x1230B.x1201C	
LAK415	o0038388	10533	LAK415	U+F1066	
LAK416	o0025846	10534	LAK416	U+F1067	
LAK417	o0000456	11879	MIN	U+1222B	
LAK418	o0002442	19857	|U&U.SUR&SUR|	U+1230F	
LAK419	o0000635	18336	|(ŠE.NUN&NUN)&(ŠE.NUN&NUN).GAD&GAD.GAR&GAR|	U+12304	
LAK419	o0002441	19856	|U&U.PA&PA.GAR&GAR|	U+1230E	
LAK420	o0027646	19855	|U&U.GAR₃&GAR₃|	X.XU+F1068	
LAK421	o0000247	7316	IGI	U+12146	
LAK422	o0001510	7354	|IGI.RI|	U+12148	
LAK423	o0001511	7355	|IGI.RU|	x12146.x12292	
LAK424	o0001492	7327	|IGI.ERIN₂|	x12146.x1209F	
LAK425	o0038390	7359	|IGI.UD|	x12146.x12313	
LAK426	o0221938	7332	|IGI.GAN₂@t|	x12146.x120F8	
LAK427	o0001489	7324	|IGI.DUB|	x12146.x1207E	
LAK428	o0001516	7360	|IGI.UR|	x12146.x12328	
LAK429	o0031712	7337	|IGI.KID|	x12146.x121A4	
LAK430	o0038392	7352	|IGI.NISAG|	x12146.x12260	
LAK431	o0025848	10549	LAK431	U+F1069	
LAK432	o0001487	7321	|IGI.DIB|	U+12147	
LAK433	o0018571	10551	LAK433	U+F106A	
LAK434	o0001495	7328	|IGI.EŠ₂|	x12146.x120A0	
LAK434	o0001495	7328	|IGI.EŠ₂|	x12146.x120A0	
LAK435	o0001497	7333	|IGI.GAR|	x12146.x120FB	
LAK436			No drawn sign; some references	U+F2003	
LAK437	o0000248	7369	IGI@g	U+1214A	
LAK438	o0000296	8649	KU₃	U+121AC	
LAK439	o0000139	2852	DI	U+12072	
LAK440	o0000279	8274	KI	U+121A0	
LAK441	o0000373	10559	LAK441	U+124F0	
LAK442	o0000309	10059	LAHŠU	U+121F1	
LAK443	o0002828	17995	ŠA₃	U+122AE	
LAK444	o0027544	10562	LAK444	U+F106B	
LAK445	o0027545	10563	LAK445	U+F106C	
LAK446	o0001766	8872	|KUŠU₂×SAL|	U+F106D	
LAK447	o0000502	14178	PI	U+1227F	
LAK448			Sequence PI A	U+F2004	
LAK449	o0002142	13886	|NUNUZ.AB₂|	x1226D.x12016	
LAK449b	o0025778	10578	LAK449b	U+F106E	
LAK450	o0000375	10579	LAK450	U+124F7	
LAK451	o0002146	13887	|NUNUZ.AB₂×AŠGAB|	U+1226E	
LAK452	o0001856	10574	|LAK449×(U₂.BA)|	U+124F6	
LAK453	o0001855	10572	|LAK449×(PAP.PAP.LU₃)|	U+124F5	
LAK453	o0000376	10582	LAK453	U+124F5	
LAK454	o0001854	10571	|LAK449×(PAP.LU₃)|	U+124F4	
LAK455	o0001858	10570	|LAK449×IGI|	U+124F3	
LAK455	o0027622	10577	|LAK449a×IGI|	U+124F3	
LAK455a	o0001857	10569	|LAK449×GU|	U+124F2	
LAK455a	o0027620	10576	|LAK449a×GU|	U+124F2	
LAK456	o0027547	10586	LAK456	U+F106F	
LAK457	o0000377	10587	LAK457	U+124F8	
LAK458	o0002456	19823	|U.GAN|	x1230B.x120F6	
LAK459	o0000615	23807	ZUBI	U+F1070	
LAK460	o0000273	8100	KAM₄	U+1219B	
LAK460	o0000379	10590	LAK460	U+1219B	
LAK461	o0000294	8778	KUR	U+121B3	
LAK461a	o0025780	10592	LAK461a	U+F1071	
LAK462	o0000466	12165	MUŠ₃	U+12239	
LAK463	o0000467	12190	MUŠ₃@g	U+1223D	
LAK464	o0000210	5563	GI	U+12100	
LAK465	o0001335	5577	|GI%GI|	U+12103	
LAK466	o0000219	5581	GI₄	U+12104	
LAK467	o0001409	5583	|GI₄&GI₄|	U+12105	
LAK468	o0000609	23667	ZI	U+12363	
LAK469	o0002666	23673	|ZI&ZI|	U+12364	
LAK469	o0002666	23673	|ZI&ZI|	U+12364	
LAK469	o0002666	23673	|ZI&ZI|	U+12364	
LAK470	o0000380	10601	LAK470	U+124F9	
LAK471	o0000381	10602	LAK471	U+F1072	
LAK472	o0000588	22078	UR₄	U+12334	
LAK473	o0000558	19587	TUK	U+12307	
LAK474	o0000240	6777	HUB₂	U+12138	
LAK475	o0001473	6779	|HUB₂×AN|	U+12139	
LAK476	o0001477	6783	|HUB₂×UD|	U+1213D	
LAK476	o0001477	6783	|HUB₂×UD|	U+1213D	
LAK477	o0001475	6781	|HUB₂×KASKAL|	U+1213B	
LAK478	o0027542	7999	KAB@g	U+F1073	
LAK479	o0000585	22041	UR₂	U+1232B	
LAK480	o0002596	22070	|UR₂×UD|	U+1253D	
LAK481	o0000143	2948	DIM₂	U+12076	
LAK482	o0002597	22065	|UR₂×U₂|	U+12331	
LAK483	o0000382	10614	LAK483	U+124FA	
LAK484	o0000149	3044	DU	U+1207A	
LAK484	o0000149	3044	DU	U+1207A	
LAK484	o0000149	3044	DU	U+1207A	
LAK484	o0000149	3044	DU	U+1207A	
LAK485	o0027593	3052	|DU×KASKAL|	U+F1074	
LAK486	o0000150	3059	DU@g	U+1207C	
LAK487	o0027591	3062	|DU@g×KASKAL|	U+F1075	
LAK488	o0000383	10619	LAK488	U+F1076	
LAK489	o0023027	18743	|ŠITA.GIŠ|	x122D6.x12111	
LAK490	o0000384	10621	LAK490	U+124FB	
LAK490@90	o0025734	10623	LAK490@90	U+F1077	
LAK491	o0027624	10622	|LAK490×KASKAL|	U+F1078	
LAK492	o0000385	10625	LAK492	U+124FC	
LAK493	o0000386	10626	LAK493	U+124FD	
LAK494	o0000559	19627	TUM	U+12308	
LAK495	o0000387	10628	LAK495	U+124FE	
LAK496	o0221890	10629	LAK496	U+F1079	
LAK496	o0221890	10629	LAK496	U+F107A	
LAK497a	o0002428	19635	|TUM×(DIŠ.DIŠ.DIŠ)|	U+1253B	
LAK497b	o0002429	19637	|TUM×GAN₂@t|	U+1253A	
LAK498	o0000388	10632	LAK498	U+F107B	
LAK499	o0000168	3481	EGIR	U+12095	
LAK500	o0000391	10634	LAK500	U+F107C	
LAK501	o0000249	7406	IL	U+1214B	
LAK502	o0000249	7406	IL	U+1214B	
LAK503	o0002842	18741	ŠITA	U+122D6	
LAK503a	o0028106	18748	ŠITA~a	U+F107D	
LAK503b	o0002842	18741	ŠITA	U+122D6	
LAK504	o0000269	8042	KAK	U+12195	
LAK505	o0001573	8043	|KAK.GIŠ|	x12195.x12111	
LAK506	o0000479	13356	NI	U+1224C	
LAK507	o0000257	7606	IR	U+12155	
LAK508	o0027548	10644	LAK508	U+F107E	
LAK509	o0000221	5993	GU	U+12116	
LAK510	o0001412	5999	|GU%GU|	U+12117	
LAK511	o0002079	13364	|NI.UD|	U+1238E	
LAK512	o0000473	13200	NAGAR	U+12244	
LAK512	o0000473	13200	NAGAR	U+12244	
LAK513	o0002072	13359	|NI.GIŠ|	x1224C.x12111	
LAK514	o0002076	13363	|NI.TUK|	x1224C.x12307	
LAK515	o0000094	1010	AL	U+12020	
LAK516	o0027532	1022	AL@s	U+F107F	
LAK517	o0000522	16237	SAL	U+122A9	
LAK518	o0000170	3514	EL	U+12096	
LAK519	o0027643	16241	|SAL.AŠ₂|	x122A9.x1203E	
LAK520	o0000617	23842	ZUM	U+1236E	
LAK521	o0002327	16287	|SAL.UR|	x122A9.x12328	
LAK522	o0002323	16272	|SAL.TUG₂|	U+1238F	
LAK523	o0000134	2714	DAM	U+1206E	
LAK524	o0000393	23847	|ZUM×TUG₂|	U+F1080	
LAK525	o0000202	4935	GAR	U+120FB	
LAK526	o0000394	10662	LAK526	U+F1081	
LAK527	o0000175	4222	ERIN₂	U+1209F	
LAK528	o0000560	19685	TUR	U+12309	
LAK529	o0000452	11562	MA₂	U+12223	
LAK530	o0000395	10667	LAK530	U+F1082	
LAK531	o0001078	4052	|EN×GAN₂@t|	U+12099	
LAK532	o0000173	4014	EN	U+12097	
LAK533	o0027595	4050	|EN×A|	U+F1083	
LAK534	o0001082	4062	|EN×ME.LI|	x1209A.x121F7	
LAK535	o0000299	8660	KU₇	U+121AF	
LAK536	o0000088	207	AB	U+1200A	
LAK536	o0000088	207	AB	U+1200A	
LAK537	o0000089	243	AB@g	U+12015	
LAK538	o0000608	23646	ZE₂	U+12362	
LAK539	o0000396	10676	LAK539	U+F1084	
LAK540	o0000745	218	|AB×AŠ₂|	U+1200B	
LAK541	o0000753	233	|AB×NUN@t|	U+12480	
LAK541	o0000753	233	|AB×NUN@t|	U+12480	
LAK542	o0000756	235	|AB×ŠU₂|	U+12481	
LAK543	o0000749	224	|AB×HA|	U+1200F	
LAK544	o0000230	6003	GU₂	U+12118	
LAK545	o0001431	6018	|GU₂×KAK|	U+12119	
LAK546	o0025735	10683	LAK546	U+F1085	
LAK547	o0001429	6017	|GU₂×IGI@g|	U+124CC	
LAK548	o0001018	3158	|DUG×GIŠ|	U+12496	
LAK549	o0001431	6018	|GU₂×KAK|	U+12119	
LAK550	o0000397	10687	LAK550	U+124FF	
LAK551	o0027605	6024	|GU₂×PA|	U+F1086	
LAK552	o0027603	6025	|GU₂×PAP|	U+F1087	
LAK553	o0027601	6015	|GU₂×(HI×U)|	U+F1088	
LAK554	o0027599	6014	|GU₂×(HI×DIŠ)|	U+F1089	
LAK555	o0027538	6030	GU₂@s	U+F108A	
LAK556	o0000231	6029	GU₂@g	U+1211D	
LAK557	o0001426	6009	|GU₂.NUNUZ|	x12118.x1226D	
LAK558	o0000398	10695	LAK558	U+F108B	
LAK559	o0000541	19177	TA	U+122EB	
LAK560	o0000155	3141	DUG	U+12081	
LAK561	o0001010	3150	|DUG×AŠ@f|	U+1248F	
LAK562	o0001011	3149	|DUG×AŠ|	U+1248E	
LAK563	o0001033	3177	|DUG×ŠE|	U+124A7	
LAK564	o0001025	3166	|DUG×LAK20|	U+1249E	
LAK565	o0001008	3170	|DUG×(LUH.GIŠ)|	U+124A1	
LAK566	o0001022	3162	|DUG×KASKAL|	U+1249A	
LAK567	o0001031	3175	|DUG×PI|	U+124A6	
LAK568	o0001006	3165	|DUG×(KUŠU₂.KASKAL)|	U+1249D	
LAK569	o0001016	3157	|DUG×GIR₂@g|	U+12495	
LAK570	o0001027	3171	|DUG×MAŠ|	U+124A2	
LAK571	o0001017	3156	|DUG×GI|	U+12494	
LAK572	o0001032	3176	|DUG×SI@g|	U+124A8	
LAK573	o0001015	3155	|DUG×GA|	U+12493	
LAK574	o0001029	3173	|DUG×MI|	U+124A4	
LAK575	o0001007	3168	|DUG×(LAM×KUR)|	U+124A0	
LAK576	o0001026	3167	|DUG×LAM|	U+1249F	
LAK577	o0001023	3163	|DUG×KUR|	U+1249B	
LAK578	o0001018	3158	|DUG×GIŠ|	U+12496	
LAK579	o0001028	3172	|DUG×MES|	U+124A3	
LAK580	o0001014	3154	|DUG×ERIN₂|	U+12492	
LAK581	o0001019	3159	|DUG×HA|	U+12497	
LAK582	o0001013	3153	|DUG×DUN|	U+12491	
LAK583	o0001009	3148	|DUG×ANŠE|	U+1248D	
LAK584	o0001020	3160	|DUG×HI|	U+12498	
LAK585	o0001012	3151	|DUG×DIN|	U+12490	
LAK586	o0001021	3161	|DUG×IGI@g|	U+12499	
LAK587	o0002407	19180	|TA×HI|	U+122ED	
LAK588	o0001030	3174	|DUG×NI|	U+124A5	
LAK589	o0000216	5834	GISAL	U+12110	
LAK589	o0000216	5834	GISAL	U+12110	
LAK590	o0001418	6065	|GUD.GIŠ×TAK₄|	U+124CD	
LAK591	o0000582	22143	URU	U+12337	
LAK591	o0000582	22143	URU	U+12337	
LAK592	o0002556	22154	|URU×DARA₃|	U+1253E	
LAK593	o0002557	22155	|URU×DUN|	U+1233B	
LAK594	o0002554	22149	|URU×AŠGAB|	U+12339	
LAK595	o0002574	22190	|URU×SIG₄|	U+1234A	
LAK596	o0002568	22169	|URU×IŠ|	U+12344	
LAK597	o0002553	22147	|URU×A|	U+12338	
LAK598	o0002577	22203	|URU×UD|	U+1234D	
LAK599	o0027647	22202	|URU×U₂@t|	U+F108C	
LAK600	o0002570	22172	|URU×LAK668|	U+1253F	
LAK601	o0002561	22161	|URU×GAN₂@t|	U+1233E	
LAK602	o0002564	22163	|URU×GU|	U+12340	
LAK603	o0002562	22162	|URU×GAR|	U+1233F	
LAK604	o0000584	22234	URUDA	U+1234F	
LAK605	o0000399	10742	LAK605	U+F108D	
LAK606	o0000400	10743	LAK606	U+F108E	
LAK607	o0000401	10744	LAK607	U+F108F	
LAK608	o0000402	10745	LAK608	U+12500	
LAK609	o0000153	3097	DUB	U+1207E	
LAK610	o0001363	5923	|GIŠ%GIŠ|	U+12112	
LAK611	o0000177	4432	EZEN	U+120A1	
LAK611	o0000177	4432	EZEN	U+120A1	
LAK611	o0000177	4432	EZEN	U+120A1	
LAK611	o0000177	4432	EZEN	U+120A1	
LAK612	o0000278	8253	KEŠ₂	U+1219F	
LAK612	o0000278	8253	KEŠ₂	U+1219F	
LAK613	o0001101	4440	|EZEN×AN|	U+120A5	
LAK614	o0187962	4454	|EZEN×HAL|	U+F0056	
LAK615	o0001114	4459	|EZEN×LA|	U+120AF	
LAK616	o0001111	4456	|EZEN×KASKAL|	U+120AC	
LAK617	o0000403	10754	LAK617	U+12501	
LAK618	o0001865	10755	|LAK617×AŠ|	U+12502	
LAK619	o0001866	10756	|LAK617×BAD|	U+12503	
LAK620	o0001867	10760	|LAK617×KU₃|	U+12505	
LAK621	o0001868	10761	|LAK617×LA|	U+12506	
LAK622	o0027210	10757	|LAK617×DUN₃@g@g|	U+12504	
LAK623	o0001872	10767	|LAK617×UD|	U+1250A	
LAK624	o0001871	10765	|LAK617×TE|	U+12508	
LAK625	o0001874	10766	|LAK617×U₂|	U+12509	
LAK626	o0001870	10764	|LAK617×TAR|	U+12507	
LAK627	o0001873	10768	|LAK617×URUDA|	U+1250B	
LAK628	o0000546	19223	TAG	U+122F3	
LAK629	o0000208	5539	GEŠTIN	U+120FE	
LAK630	o0001333	5540	|GEŠTIN×KUR|	U+120FF	
LAK631	o0001334	5541	|GEŠTIN×U|	U+124CA	
LAK632	o0000154	3108	DUB₂	U+12080	
LAK633	o0000225	6156	GUM	U+12123	
LAK634	o0001424	6161	|GUM×ŠE|	U+12124	
LAK635	o0000092	839	AD	U+1201C	
LAK635	o0000092	839	AD	U+1201C	
LAK636	o0000405	10787	LAK636	U+1250C	
LAK636	o0000405	10787	LAK636	U+1250C	
LAK637	o0000155	3141	DUG	U+12081	
LAK638	o0000406	10790	LAK638	U+F1090	
LAK639	o0000122	2293	BI	U+12049	
LAK639	o0000155	3141	DUG	U+12081	
LAK640	o0000928	2317	|BI×IGI@g|	U+1204C	
LAK641	o0000927	2315	|BI×GAR|	U+1204B	
LAK642	o0000926	2312	|BI×A|	U+1204A	
LAK643	o0027550	10795	LAK643	U+F1091	
LAK644	o0000197	4884	GAN	U+120F6	
LAK645	o0000198	4889	GAN@s	U+F1092	
LAK646	o0000407	10798	LAK646	U+F1093	
LAK647	o0025783	10799	LAK647	U+F1094	
LAK648	o0000408	10800	LAK648	U+1250D	
LAK649	o0000409	10815	LAK649	U+F1095	
LAK649	o0002555	22151	|URU×BAR|	U+1233A	
LAK650	o0028113	22186	|URU×MIN×IGI|	U+12510	
LAK651	o0001879	10806	|LAK648×IGI@g|	U+12511	
LAK652	o0027626	10802	|LAK648×DIŠ@c|	U+F1096	
LAK653	o0001884	10813	|LAK648×URUDA|	U+12516	
LAK654	o0000542	19188	TA@g	U+122EF	
LAK654a	o0025784	10821	LAK654a	U+F1097	
LAK655	o0002838	18640	ŠIM	U+122C6	
LAK655	o0002838	18640	ŠIM	U+122C6	
LAK656	o0002753	18660	|ŠIM×IGI@g|	U+122CD	
LAK657	o0002758	18666	|ŠIM×PI|	U+F0051	
LAK658	o0002755	18661	|ŠIM×KUŠU₂|	U+122CE	
LAK659	o0002752	18655	|ŠIM×GAR|	U+122CB	
LAK660	o0027582	18671	ŠIM@g	U+F0052	
LAK661	o0038396	18672	|ŠIM@g×GAR|	U+F0053	
LAK661	o0027655	18674	|ŠIM@g×PI|	U+F0055	
LAK662	o0027653	18673	|ŠIM@g×KUŠU₂|	U+F0054	
LAK663	o0000305	9834	LA	U+121B7	
LAK664	o0000576	22021	UR	U+12328	
LAK665	o0000174	4174	EREN	U+1209E	
LAK666	o0000160	3249	DUN₃	U+12085	
LAK667	o0000161	3250	DUN₃@g	U+12086	
LAK667	o0000161	3250	DUN₃@g	U+12086	
LAK668	o0002353	16579	|SIK₂.LAM|	x122E0.x121F4	
LAK668	o0002836	18555	ŠEŠ₂	U+122C1	
LAK669	o0027580	18556	ŠEŠ₂@g	U+F1098	
LAK670	o0000137	2763	DARA₄	U+12071	
LAK671	o0000174	4174	EREN	U+1209E	
LAK672a	o0000597	22431	UŠX	U+12356	
LAK672a	o0000597	22431	UŠX	U+12356	
LAK672b	o0000460	12037	MUNSUB	U+12230	
LAK673	o0000217	5851	GIŠ	U+12111	
LAK674	o0000206	4532	GA₂	U+120B7	
LAK675	o0001286	4547	|GA₂×AN|	U+120BC	
LAK676	o0001321	4659	|GA₂×PA|	U+120E2	
LAK676	o0001321	4659	|GA₂×PA|	U+120E2	
LAK677	o0001329	4686	|GA₂×ZIZ₂|	U+124C8	
LAK678	o0001320	4656	|GA₂×NUN|	U+120E0	
LAK679	o0001319	4657	|GA₂×(NUN&NUN)|	U+120E1	
LAK680	o0001305	4603	|GA₂×GI|	U+120CD	
LAK681	o0001306	4604	|GA₂×GI₄|	U+120CE	
LAK682	o0001299	4589	|GA₂×EN|	U+120C9	
LAK683	o0001271	4647	|GA₂×(ME.EN)|	U+120DE	
LAK684	o0001304	4595	|GA₂×GA|	U+124BB	
LAK685	o0001293	4581	|GA₂×DIM@g|	U+124B7	
LAK686	o0001295	4578	|GA₂×DI|	U+120C4	
LAK687	o0001258	4599	|GA₂×(GAR.DI)|	U+124BC	
LAK688	o0001318	4652	|GA₂×NE|	U+124C4	
LAK689	o0001273	4654	|GA₂×(NE.GI)|	U+124C6	
LAK690	o0001259	4602	|GA₂×(GAR.NE)|	U+124BD	
LAK691	o0001303	4598	|GA₂×GAR|	U+120CC	
LAK692	o0001272	4653	|GA₂×(NE.E₂)|	U+124C5	
LAK693	o0022953	4644	|GA₂×LI|	U+F1099	
LAK694	o0018533	4611	|GA₂×HA|	U+F109A	
LAK695	o0027183	4614	|GA₂×(HA.HA)|	U+F109B	
LAK696	o0001317	4651	|GA₂×MUŠ|	U+124C3	
LAK697	o0001326	4681	|GA₂×UD|	U+120EB	
LAK698	o0001322	4661	|GA₂×SAL|	U+120E3	
LAK699	o0001291	4572	|GA₂×BUR|	U+120C1	
LAK700	o0001268	4639	|GA₂×(KUŠU₂.KASKAL)|	U+124BF	
LAK701	o0001332	4673	|GA₂×ŠIM|	U+124C7	
LAK702	o0001254	4583	|GA₂×(DUG×IGI@g)|	U+124B8	
LAK703	o0001255	4584	|GA₂×(DUG×KASKAL)|	U+124B9	
LAK704	o0001270	4643	|GA₂×(LAM×KUR)|	U+124C1	
LAK705	o0001313	4642	|GA₂×LAM|	U+124C0	
LAK706	o0001289	4568	|GA₂×BAHAR₂|	U+124B6	
LAK707	o0001315	4645	|GA₂×LUH|	U+124C2	
LAK708	o0000410	10876	LAK708	U+F109C	
LAK709a	o0000228	6270	GURUŠ	U+12128	
LAK709a	o0000228	6270	GURUŠ	U+12128	
LAK709b	o0000270	8063	KAL	U+12197	
LAK709b	o0000270	8063	KAL	U+12197	
LAK710	o0000510	14771	RA	U+1228F	
LAK711	o0002837	18587	ŠID	U+122C3	
LAK712a	o0025852	10881	LAK712a	U+F109D	
LAK712b	o0038394	10882	LAK712b	U+F109E	
LAK713	o0002833	18504	ŠEN	U+122BF	
LAK714	o0001878	10804	|LAK648×GA|	U+1250F	
LAK714	o0001878	10804	|LAK648×GA|	U+1250F	
LAK715	o0001882	10809	|LAK648×NI|	U+12512	
LAK716	o0001884	10813	|LAK648×URUDA|	U+12516	
LAK717	o0001877	10803	|LAK648×DUB|	U+1250E	
LAK718	o0001883	10812	|LAK648×UD|	U+12515	
LAK719	o0001876	10811	|LAK648×(ŠEŠ.KI)|	U+12514	
LAK720	o0001875	10810	|LAK648×(PAP.PAP.LU₃)|	U+12513	
LAK721	o0000962	2655	|DAG.KISIM₅×LU|	U+12065	
LAK722	o0027551	10892	LAK722	U+F109F	
LAK723	o0000284	8507	KISAL	U+121A6	
LAK724	o0000411	10894	LAK724	U+12517	
LAK725	o0027615	8509	|KISAL×UD|	U+F10A0	
LAK726	o0000187	4506	GA	U+120B5	
LAK727	o0000188	4530	GA@g	U+120B6	
LAK728	o0001171	4517	|GA.KASKAL|	x120B5.x1219C	
LAK729	o0000574	8083	KALAM	U+12327	
LAK730	o0000575	8084	KALAM@g	U+12326	
LAK731	o0000517	16000	SA	U+12293	
LAK732	o0000180	3352	E₂	U+1208D	
LAK732	o0000180	3352	E₂	U+1208D	
LAK733	o0000281	8378	KID	U+121A4	
LAK734	o0021192	3377	|E₂×AŠ@t|	U+F004F	
LAK735	o0000277	7977	KA₂	U+1218D	
LAK736	o0001159	3385	|E₂×PAP|	U+124AA	
LAK737	o0001161	3389	|E₂×U|	U+12093	
LAK738	o0001157	3382	|E₂×KUR|	U+124A9	
LAK739	o0001160	3386	|E₂×SAL|	U+12091	
LAK740	o0000133	2631	DAG	U+12056	
LAK741	o0000969	2672	|DAG×KUR|	U+12489	
LAK742	o0000117	1673	BAHAR₂	U+12043	
LAK743	o0000898	1674	|BAHAR₂×AB₂|	U+12484	
LAK744	o0000953	2643	|DAG.KISIM₅×GA|	U+1205B	
LAK745	o0000899	1676	|BAHAR₂×NI|	U+12485	
LAK746	o0000900	1677	|BAHAR₂×ZA|	U+12486	
LAK747	o0000167	3445	EDIN	U+12094	
LAK747	o0000167	3445	EDIN	U+12094	
LAK748	o0000414	10918	LAK748	U+F10A1	
LAK749	o0000415	10919	LAK749	U+12518	
LAK750	o0000453	11723	ME	U+12228	
LAK751			Sequence ME TE	U+F2005	
LAK752	o0000120	1765	BAR	U+12047	
LAK753	o0000911	1772	|BAR×AN|	U+F10A2	
LAK754	o0000293	8744	KUN	U+121B2	
LAK755	o0000244	7262	IB	U+12141	
LAK756	o0000422	11059	LAL	U+121F2	
LAK757	o0001890	11066	|LAL.SAR|	x121F2.x122AC	
LAK758	o0001889	11065	|LAL.NI|	x121F2.x1224C	
LAK759	o0027628	11070	|LAL×LAGAB|	U+F10A3	
LAK760	o0000423	11074	LAL₂	U+121F3	
LAK761	o0001898	11084	|LAL₂.SAR|	x121F3.x122AC	
LAK762	o0027630	11090	|LAL₂×DU|	U+F10A4	
LAK762	o0027630	11090	|LAL₂×DU|	U+F10A5	
LAK763	o0025676	11091	|LAL₂×DU.DU|	X.x1207AU+F10A6	
LAK764	o0000416	10934	LAK764	U+F10A7	
LAK765	o0018528	10935	LAK765	U+F10A8	
LAK766	o0000306	9864	LAGAB	U+121B8	
LAK767	o0001772	9867	|LAGAB.LAGAB|	x121B8.x121B8	
LAK768	o0001814	9914	|LAGAB×HAL|	U+121C9	
LAK768	o0001814	9914	|LAGAB×HAL|	U+121C9	
LAK768	o0001814	9914	|LAGAB×HAL|	U+121C9	
LAK769	o0001799	9881	|LAGAB×AN|	U+121BE	
LAK770	o0001835	9971	|LAGAB×TIL|	U+F10A9	
LAK771	o0001838	9974	|LAGAB×U|	U+121E5	
LAK772	o0027185	9883	|LAGAB×AŠ@c|	U+F10AA	
LAK772	o0027185	9883	|LAGAB×AŠ@c|	U+F10AB	
LAK772b	o0025854	10943	LAK772b	U+F10AC	
LAK773	o0027553	10944	LAK773	U+F10AD	
LAK774	o0000417	10945	LAK774	U+F10AE	
LAK775	o0000433	11334	LU	U+121FB	
LAK776	o0027555	10947	LAK776	U+F10AF	
LAK777	o0000967	2670	|DAG.KISIM₅×UŠ|	U+1206D	
LAK778	o0000594	22504	UZ₃	U+1235A	
LAK779	o0021461	10951	LAK779	U+F10B0	
LAK780	o0000140	2869	DIB	U+12073	
LAK780	o0000140	2869	DIB	U+12073	
LAK781	o0001778	9907	|LAGAB×(GUD&GUD)|	U+121C7	
LAK782	o0001817	9919	|LAGAB×IGI@g|	U+121CB	
LAK783	o0001832	9951	|LAGAB×SUM|	U+121E1	
LAK784	o0018538	9912	|LAGAB×(HA.A)|	U+F10B1	
LAK784a	o0001815	9911	|LAGAB×HA|	U+121C8	
LAK784a	o0001815	9911	|LAGAB×HA|	U+121C8	
LAK785	o0001800	9870	|LAGAB×A|	U+121B9	
LAK786	o0025786	10959	LAK786	U+F10B2	
LAK787	o0027619	9963	|LAGAB×ŠU|	U+F10B3	
LAK788	o0001790	9991	|LAGAB×(ZU&ZU)|	U+124D4	
LAK789	o0027617	9898	|LAGAB×GAN₂|	U+F10B4	
LAK790	o0000443	11438	LU₃	U+12216	
LAK791	o0000165	3277	DUR₂	U+12089	
LAK791a	o0025856	10965	LAK791a	U+F10B5	
LAK792	o0000475	13237	NAM₂	U+12247	
LAK793	o0000529	16572	SIK₂	U+122E0	
LAK794	o0000178	4301	EŠ₂	U+120A0	
LAK794	o0000178	4301	EŠ₂	U+120A0	
LAK795	o0000087	23	A	U+12000	
LAK795	o0000087	23	A	U+12000	
LAK796	o0000848	158	|A×HA|	U+12004	
LAK797	o0000087	23	A	U+12000	
LAK797	o0000603	22632	ZA	U+1235D	
LAK798	o0000607	22666	ZA₇	U+12541	
LAK799	o0002643	22639	|ZA.GUL|	x1235D.x12122	
LAK800	o0000846	156	|A×BAD|	U+12002	
LAK801	o0000299	8660	KU₇	U+121AF	
LAK802			Unidentified sign	U+F2006	
LAK803			Unidentified sign	U+F2007	
LAK804	o0027557	10978	LAK804	U+F10B6	
LAK805	o0027559	10979	LAK805	U+F10B7	
LAK806	o0027561	10980	LAK806	U+F10B8	
LAK807	o0000561	19805	U	U+1230B	
LAK808	o0000562	19865	U@g	U+12434	
LAK809	o0002827	18194	ŠAR₂	U+122B9	
LAK810	o0027651	18201	|ŠAR₂×HA|	U+F10B9	
LAK811	o0000419	10985	LAK811	U+F10BA	
LAK812	o0000420	10986	LAK812	U+F10BB	
LAK813	o0000490	13885	NUNUZ	U+1226D	
LAK813	o0027504	13926	NUNUZ~a	U+1226D	
LAK814	o0027657	10988	LAK814	U+F10BC	
LAK815			Subject to further study; possibly a numeric sign	U+F2008	
LAK816	o0000003	24054	1(BAN₂)	U+1244F	
LAK817	o0000181	24350	F₁	U+1245D	
LAK818	o0000182	24351	F₂	U+1245E	
LAK819	o0000283	8461	KINGUSILI	U+1245C	
LAK820	o0221914	1444	AŠ@c	U+12550	
LAK821	o0025858	10995	LAK821	U+F10BD	
LAK821	o0223334	19862	U@c	U+12562	
LAK822	o0223469	5478	GEŠ₂@c	U+1256B	
LAK823	o0223467	5557	GEŠU@c	U+12574	
LAK824	o0025674	5558	|GEŠU@c×KASKAL|	U+F002B	
LAK825	o0223485	18213	ŠAR₂@c	U+12579	
LAK826	o0223373	24915	1(ŠARU@c)	U+12582	
LAK827a	o0245340	18269	ŠARU@v@c	U+F0033	
LAK827b	o0223374	24927	1(ŠARU@v)	U+F0035	
LAK828	o0002827	18194	ŠAR₂	U+122B9	
LAK829	o0223385	24070	1(BAN₂@c)	U+12593	
LAK830	o0223389	24072	2(BAN₂@c)	U+12594	
LAK831	o0223398	24074	3(BAN₂@c)	U+12595	
LAK832	o0223413	24078	4(BAN₂@c)	U+12596	
LAK833	o0223424	24082	5(BAN₂@c)	U+12597	
LAK834	o0223336	3025	DIŠ@c	U+12559	
LAK835a	o0223340	13426	NIGIDAMIN@c	U+1255A	
LAK835b	o0000481	13424	NIGIDAMIN	U+12456	
LAK835c	o0038371	13425	NIGIDAMIN~a	U+F004A	
LAK836a	o0223339	13420	NIGIDAEŠ@c	U+1255B	
LAK836b	o0038374	13421	NIGIDAEŠ@c~a	U+F0049	
LAK836c	o0000480	13418	NIGIDAEŠ	U+12457	
LAK836d	o0038373	13419	NIGIDAEŠ~a	U+F004B	
LAK837a	o0223415	24272	4(DIŠ@c)	U+1255C	
LAK837b	o0000040	24228	4(DIŠ)	U+12409	
LAK838	o0223385	24070	1(BAN₂@c)	U+12593	
LAK839	o0221914	1444	AŠ@c	U+12550	
LAK840	o0223334	19862	U@c	U+12562	
LAK840	o0223334	19862	U@c	U+12562	
LAK841	o0000007	24395	1(GEŠ₂)	U+12415	
LAK842	o0000006	24505	1(GEŠU)	U+1241E	
LAK843	o0000229	6209	GUR₇	U+12126	
LAK844	o0223485	18213	ŠAR₂@c	U+12579	
LAK845	o0025674	5558	|GEŠU@c×KASKAL|	U+F002B	
LAK846	o0028114	18203	|ŠAR₂×U|	U+12136	
LAK847	o0028115	18204	|ŠAR₂×(U.U)|	U+F003D	
LAK848	o0028116	18205	|ŠAR₂×(U.U.U)|	U+F003E	
LAK849	o0028118	18210	|ŠAR₂×4(U)|	U+F003F	
LAK850	o0028119	18211	|ŠAR₂×5(U)|	U+F0040	
LAK851	o0002827	18194	ŠAR₂	U+122B9	
LAK852a	o0223358	24353	F₃@c	U+12587	
LAK852b	o0000183	24352	F₃	U+1245F	
LAK853a	o0223359	24356	F₄@c	U+12589	
LAK853b	o0000184	24355	F₄	U+12460	
LAK854a	o0223336	3025	DIŠ@c	U+12559	
LAK854b	o0000145	3009	DIŠ	U+12079	
LAK855a	o0221914	1444	AŠ@c	U+12550	
LAK855b	o0000106	1412	AŠ	U+12038	
LAK856	o0223386	24342	1(EŠE₃@c)	U+1258C	
LAK857	o0223334	19862	U@c	U+12562	
LAK858a	o0223372	24193	1(BURU@c)	U+1258E	
LAK858b	o0000562	19865	U@g	U+12434	
LAK859	o0002827	18194	ŠAR₂	U+122B9	
LAK860	o0028114	18203	|ŠAR₂×U|	U+12136	
LAK861	o0245340	18269	ŠARU@v@c	U+F0033	
LAK862	o0028115	18204	|ŠAR₂×(U.U)|	U+F003D	
LAK863	o0028116	18205	|ŠAR₂×(U.U.U)|	U+F003E	
LAK864	o0028118	18210	|ŠAR₂×4(U)|	U+F003F	
LAK865	o0028119	18211	|ŠAR₂×5(U)|	U+F0040	
LAK866	o0002827	18194	ŠAR₂	U+122B9	
LAK867	o0000422	11059	LAL	U+121F2	
LAK868			LAK entry for igi ... ŋal₂	U+F2009	
LAK869	o0223482	13602	|NINDA₂×(ŠE.AŠ@c)|	U+12598	
LAK870	o0223483	13603	|NINDA₂×(ŠE.AŠ@c.AŠ@c)|	U+12599	
